task_id,category,importance,est_duration,energy_at_creation,created_time,started_time,completed_time,actual_duration,delay_before_start,feedback,accepted_top_suggestion
1,Study,1,114,3,2025-01-03T23:00:00,2025-01-03T23:23:00,2025-01-04T02:04:00,161,23,-1,0
2,Study,5,31,5,2025-01-05T21:00:00,2025-01-05T21:08:00,2025-01-05T21:51:00,43,8,-1,0
3,Study,2,49,5,2025-01-07T19:00:00,2025-01-07T19:15:00,2025-01-07T20:06:00,51,15,-1,0
4,Finance/Admin,2,77,5,2025-01-04T08:00:00,2025-01-04T08:26:00,2025-01-04T09:32:00,66,26,-1,0
5,Finance/Admin,3,55,2,2025-01-03T16:00:00,2025-01-03T16:10:00,2025-01-03T17:06:00,56,10,0,0
6,Study,4,32,3,2025-01-10T09:00:00,2025-01-10T09:06:00,2025-01-10T09:42:00,36,6,0,1
7,Work,4,88,1,2025-01-11T05:00:00,2025-01-11T05:10:00,2025-01-11T07:08:00,118,10,0,0
8,Social,5,66,5,2025-01-03T10:00:00,2025-01-03T10:00:00,2025-01-03T11:03:00,63,0,1,0
9,Work,2,118,3,2025-01-02T05:00:00,2025-01-02T05:10:00,2025-01-02T07:51:00,161,10,-1,0
10,Finance/Admin,3,78,3,2025-01-03T02:00:00,2025-01-03T02:07:00,2025-01-03T03:09:00,62,7,0,1
11,Health/Fitness,3,109,1,2025-01-07T20:00:00,2025-01-07T20:21:00,2025-01-07T22:15:00,114,21,1,0
12,Health/Fitness,2,79,4,2025-01-04T06:00:00,2025-01-04T06:17:00,2025-01-04T07:27:00,70,17,1,0
13,Hobbies/Creative,1,49,1,2025-01-09T23:00:00,2025-01-09T23:17:00,2025-01-10T00:49:00,92,17,0,1
14,Social,1,47,5,2025-01-10T17:00:00,2025-01-10T17:14:00,2025-01-10T18:04:00,50,14,1,1
15,Health/Fitness,4,70,4,2025-01-02T21:00:00,2025-01-02T21:05:00,2025-01-02T21:59:00,54,5,0,0
16,Health/Fitness,5,88,3,2025-01-09T08:00:00,2025-01-09T08:01:00,2025-01-09T09:37:00,96,1,1,1
17,Finance/Admin,3,48,2,2025-01-06T19:00:00,2025-01-06T19:12:00,2025-01-06T19:52:00,40,12,0,0
18,Work,1,39,2,2025-01-09T19:00:00,2025-01-09T19:25:00,2025-01-09T20:08:00,43,25,1,1
19,Study,4,68,5,2025-01-06T08:00:00,2025-01-06T08:10:00,2025-01-06T09:06:00,56,10,1,1
20,Work,1,107,5,2025-01-09T09:00:00,2025-01-09T09:13:00,2025-01-09T11:01:00,108,13,0,1
21,Study,3,75,2,2025-01-06T05:00:00,2025-01-06T05:17:00,2025-01-06T07:29:00,132,17,-1,1
22,Personal,5,33,3,2025-01-10T08:00:00,2025-01-10T08:04:00,2025-01-10T08:35:00,31,4,1,0
23,Personal,3,117,2,2025-01-07T03:00:00,2025-01-07T03:04:00,2025-01-07T05:37:00,153,4,1,0
24,Hobbies/Creative,4,22,1,2025-01-11T06:00:00,2025-01-11T06:06:00,2025-01-11T06:57:00,51,6,0,1
25,Health/Fitness,1,50,5,2025-01-02T05:00:00,2025-01-02T05:23:00,2025-01-02T06:01:00,38,23,-1,1
26,Study,5,118,2,2025-01-02T17:00:00,2025-01-02T17:06:00,2025-01-02T19:48:00,162,6,1,1
27,Personal,3,87,5,2025-01-05T21:00:00,2025-01-05T21:08:00,2025-01-05T22:40:00,92,8,-1,0
28,Social,4,105,3,2025-01-06T01:00:00,2025-01-06T01:15:00,2025-01-06T03:56:00,161,15,1,1
29,Study,2,48,1,2025-01-04T23:00:00,2025-01-04T23:11:00,2025-01-05T00:38:00,87,11,-1,0
30,Health/Fitness,1,29,1,2025-01-03T19:00:00,2025-01-03T19:22:00,2025-01-03T19:56:00,34,22,-1,0
31,Hobbies/Creative,1,85,2,2025-01-04T08:00:00,2025-01-04T08:18:00,2025-01-04T10:40:00,142,18,1,1
32,Health/Fitness,5,36,5,2025-01-07T12:00:00,2025-01-07T12:00:00,2025-01-07T12:24:00,24,0,0,0
33,Misc,4,44,1,2025-01-02T09:00:00,2025-01-02T09:13:00,2025-01-02T10:14:00,61,13,1,1
34,Hobbies/Creative,4,72,4,2025-01-10T14:00:00,2025-01-10T14:08:00,2025-01-10T15:42:00,94,8,1,0
35,Study,1,71,3,2025-01-09T21:00:00,2025-01-09T21:23:00,2025-01-09T22:41:00,78,23,-1,0
36,Health/Fitness,2,88,4,2025-01-02T20:00:00,2025-01-02T20:19:00,2025-01-02T21:43:00,84,19,0,0
37,Social,4,51,1,2025-01-06T02:00:00,2025-01-06T02:08:00,2025-01-06T03:48:00,100,8,1,0
38,Work,5,21,1,2025-01-11T06:00:00,2025-01-11T06:00:00,2025-01-11T06:40:00,40,0,-1,0
39,Finance/Admin,4,81,2,2025-01-10T14:00:00,2025-01-10T14:09:00,2025-01-10T15:23:00,74,9,0,0
40,Personal,4,20,4,2025-01-04T04:00:00,2025-01-04T04:09:00,2025-01-04T04:27:00,18,9,0,1
41,Finance/Admin,5,104,4,2025-01-03T00:00:00,2025-01-03T00:03:00,2025-01-03T01:36:00,93,3,-1,1
42,Health/Fitness,1,94,5,2025-01-02T00:00:00,2025-01-02T00:29:00,2025-01-02T01:54:00,85,29,1,1
43,Work,1,94,4,2025-01-06T17:00:00,2025-01-06T17:16:00,2025-01-06T18:43:00,87,16,1,0
44,Work,5,30,2,2025-01-02T02:00:00,2025-01-02T02:10:00,2025-01-02T02:59:00,49,10,1,0
45,Health/Fitness,4,35,5,2025-01-04T00:00:00,2025-01-04T00:05:00,2025-01-04T00:44:00,39,5,1,0
46,Study,4,104,5,2025-01-07T09:00:00,2025-01-07T09:09:00,2025-01-07T11:14:00,125,9,1,1
47,Social,2,105,3,2025-01-03T22:00:00,2025-01-03T22:12:00,2025-01-04T00:31:00,139,12,0,1
48,Personal,3,78,3,2025-01-11T06:00:00,2025-01-11T06:10:00,2025-01-11T07:34:00,84,10,-1,0
49,Misc,5,92,1,2025-01-02T03:00:00,2025-01-02T03:06:00,2025-01-02T05:22:00,136,6,1,0
50,Social,2,64,1,2025-01-10T18:00:00,2025-01-10T18:17:00,2025-01-10T19:42:00,85,17,-1,1
51,Social,2,76,5,2025-01-08T21:00:00,2025-01-08T21:08:00,2025-01-08T22:22:00,74,8,0,0
52,Social,1,37,3,2025-01-02T14:00:00,2025-01-02T14:18:00,2025-01-02T14:56:00,38,18,-1,0
53,Social,3,97,2,2025-01-09T00:00:00,2025-01-09T00:12:00,2025-01-09T03:00:00,168,12,0,0
54,Social,5,82,3,2025-01-11T00:00:00,2025-01-11T00:16:00,2025-01-11T02:23:00,127,16,-1,0
55,Finance/Admin,3,25,1,2025-01-04T22:00:00,2025-01-04T22:14:00,2025-01-04T22:45:00,31,14,-1,1
56,Personal,4,90,4,2025-01-07T08:00:00,2025-01-07T08:00:00,2025-01-07T09:20:00,80,0,-1,0
57,Study,2,89,1,2025-01-10T06:00:00,2025-01-10T06:17:00,2025-01-10T09:36:00,199,17,0,0
58,Finance/Admin,2,25,3,2025-01-05T06:00:00,2025-01-05T06:15:00,2025-01-05T06:42:00,27,15,-1,1
59,Health/Fitness,2,105,1,2025-01-05T03:00:00,2025-01-05T03:16:00,2025-01-05T05:24:00,128,16,1,1
60,Personal,2,40,2,2025-01-10T18:00:00,2025-01-10T18:23:00,2025-01-10T19:15:00,52,23,0,0
61,Personal,3,120,4,2025-01-09T22:00:00,2025-01-09T22:17:00,2025-01-10T00:12:00,115,17,1,0
62,Social,2,120,1,2025-01-05T10:00:00,2025-01-05T10:25:00,2025-01-05T12:56:00,151,25,-1,1
63,Health/Fitness,2,78,3,2025-01-04T15:00:00,2025-01-04T15:20:00,2025-01-04T16:57:00,97,20,-1,0
64,Work,2,71,3,2025-01-04T08:00:00,2025-01-04T08:11:00,2025-01-04T09:31:00,80,11,-1,1
65,Hobbies/Creative,5,71,5,2025-01-04T21:00:00,2025-01-04T21:05:00,2025-01-04T22:30:00,85,5,-1,0
66,Social,2,94,3,2025-01-01T18:00:00,2025-01-01T18:07:00,2025-01-01T19:55:00,108,7,-1,1
67,Hobbies/Creative,3,75,5,2025-01-06T19:00:00,2025-01-06T19:06:00,2025-01-06T20:38:00,92,6,-1,1
68,Health/Fitness,3,25,4,2025-01-01T09:00:00,2025-01-01T09:07:00,2025-01-01T09:31:00,24,7,1,0
69,Hobbies/Creative,4,28,3,2025-01-08T00:00:00,2025-01-08T00:04:00,2025-01-08T00:45:00,41,4,0,0
70,Social,5,59,4,2025-01-04T20:00:00,2025-01-04T20:09:00,2025-01-04T21:06:00,57,9,0,1
71,Personal,2,73,4,2025-01-08T14:00:00,2025-01-08T14:18:00,2025-01-08T15:34:00,76,18,1,0
72,Social,4,90,1,2025-01-04T14:00:00,2025-01-04T14:00:00,2025-01-04T16:19:00,139,0,0,0
73,Finance/Admin,5,97,3,2025-01-06T08:00:00,2025-01-06T08:06:00,2025-01-06T09:30:00,84,6,0,1
74,Health/Fitness,5,80,2,2025-01-08T09:00:00,2025-01-08T09:00:00,2025-01-08T10:12:00,72,0,-1,1
75,Hobbies/Creative,1,116,2,2025-01-08T13:00:00,2025-01-08T13:24:00,2025-01-08T16:31:00,187,24,0,0
76,Health/Fitness,2,23,1,2025-01-03T23:00:00,2025-01-03T23:18:00,2025-01-03T23:49:00,31,18,0,0
77,Misc,4,100,5,2025-01-03T10:00:00,2025-01-03T10:04:00,2025-01-03T11:36:00,92,4,1,1
78,Misc,4,51,2,2025-01-08T08:00:00,2025-01-08T08:10:00,2025-01-08T09:05:00,55,10,1,0
79,Study,4,48,2,2025-01-09T22:00:00,2025-01-09T22:20:00,2025-01-09T23:47:00,87,20,1,1
80,Work,5,51,1,2025-01-06T05:00:00,2025-01-06T05:00:00,2025-01-06T06:27:00,87,0,-1,1
81,Hobbies/Creative,4,98,5,2025-01-05T22:00:00,2025-01-05T22:03:00,2025-01-06T00:48:00,165,3,1,1
82,Personal,4,77,3,2025-01-09T09:00:00,2025-01-09T09:15:00,2025-01-09T10:24:00,69,15,-1,1
83,Misc,2,55,4,2025-01-02T04:00:00,2025-01-02T04:22:00,2025-01-02T05:24:00,62,22,1,1
84,Health/Fitness,3,62,3,2025-01-10T21:00:00,2025-01-10T21:17:00,2025-01-10T22:25:00,68,17,1,0
85,Personal,2,49,4,2025-01-08T18:00:00,2025-01-08T18:15:00,2025-01-08T18:55:00,40,15,-1,0
86,Study,4,72,3,2025-01-07T03:00:00,2025-01-07T03:03:00,2025-01-07T04:36:00,93,3,0,1
87,Work,2,73,4,2025-01-11T00:00:00,2025-01-11T00:16:00,2025-01-11T01:55:00,99,16,1,0
88,Finance/Admin,4,20,3,2025-01-04T13:00:00,2025-01-04T13:10:00,2025-01-04T13:29:00,19,10,0,1
89,Health/Fitness,4,48,3,2025-01-06T00:00:00,2025-01-06T00:09:00,2025-01-06T01:09:00,60,9,0,0
90,Finance/Admin,3,105,4,2025-01-09T02:00:00,2025-01-09T02:11:00,2025-01-09T04:11:00,120,11,-1,1
91,Personal,5,88,1,2025-01-11T01:00:00,2025-01-11T01:08:00,2025-01-11T03:13:00,125,8,0,0
92,Study,4,37,4,2025-01-03T07:00:00,2025-01-03T07:02:00,2025-01-03T07:44:00,42,2,-1,1
93,Finance/Admin,3,47,4,2025-01-04T20:00:00,2025-01-04T20:11:00,2025-01-04T20:51:00,40,11,0,1
94,Social,4,52,1,2025-01-06T09:00:00,2025-01-06T09:11:00,2025-01-06T10:22:00,71,11,-1,0
95,Hobbies/Creative,2,103,1,2025-01-09T16:00:00,2025-01-09T16:11:00,2025-01-09T18:22:00,131,11,1,0
96,Work,2,45,1,2025-01-08T00:00:00,2025-01-08T00:14:00,2025-01-08T01:32:00,78,14,-1,0
97,Personal,4,105,1,2025-01-07T09:00:00,2025-01-07T09:10:00,2025-01-07T10:57:00,107,10,-1,1
98,Social,3,41,5,2025-01-07T20:00:00,2025-01-07T20:14:00,2025-01-07T20:58:00,44,14,1,0
99,Personal,3,33,5,2025-01-01T15:00:00,2025-01-01T15:07:00,2025-01-01T15:37:00,30,7,0,1
100,Finance/Admin,2,29,5,2025-01-08T17:00:00,2025-01-08T17:17:00,2025-01-08T17:35:00,18,17,1,0
101,Study,3,107,5,2025-01-09T23:00:00,2025-01-09T23:15:00,2025-01-10T01:43:00,148,15,-1,0
102,Hobbies/Creative,5,74,3,2025-01-02T02:00:00,2025-01-02T02:11:00,2025-01-02T04:21:00,130,11,1,1
103,Work,4,82,1,2025-01-05T23:00:00,2025-01-05T23:00:00,2025-01-06T01:06:00,126,0,0,1
104,Personal,4,42,5,2025-01-08T07:00:00,2025-01-08T07:12:00,2025-01-08T07:52:00,40,12,0,1
105,Misc,4,113,5,2025-01-04T05:00:00,2025-01-04T05:12:00,2025-01-04T08:28:00,196,12,0,0
106,Study,3,77,2,2025-01-09T09:00:00,2025-01-09T09:16:00,2025-01-09T11:21:00,125,16,0,1
107,Hobbies/Creative,1,83,3,2025-01-03T07:00:00,2025-01-03T07:26:00,2025-01-03T09:22:00,116,26,0,0
108,Hobbies/Creative,3,63,3,2025-01-10T18:00:00,2025-01-10T18:11:00,2025-01-10T19:40:00,89,11,1,1
109,Work,5,44,1,2025-01-03T22:00:00,2025-01-03T22:00:00,2025-01-03T23:07:00,67,0,1,1
110,Misc,5,117,2,2025-01-08T17:00:00,2025-01-08T17:02:00,2025-01-08T19:23:00,141,2,0,1
111,Misc,1,31,3,2025-01-03T17:00:00,2025-01-03T17:34:00,2025-01-03T17:58:00,24,34,0,0
112,Social,5,67,4,2025-01-07T06:00:00,2025-01-07T06:09:00,2025-01-07T07:16:00,67,9,1,1
113,Finance/Admin,5,62,3,2025-01-08T20:00:00,2025-01-08T20:02:00,2025-01-08T20:58:00,56,2,0,1
114,Social,3,49,1,2025-01-09T01:00:00,2025-01-09T01:13:00,2025-01-09T02:23:00,70,13,-1,1
115,Study,5,117,2,2025-01-03T10:00:00,2025-01-03T10:00:00,2025-01-03T13:02:00,182,0,-1,1
116,Social,5,117,5,2025-01-07T17:00:00,2025-01-07T17:00:00,2025-01-07T19:04:00,124,0,0,0
117,Health/Fitness,3,49,3,2025-01-03T06:00:00,2025-01-03T06:13:00,2025-01-03T07:01:00,48,13,0,0
118,Personal,3,25,1,2025-01-07T06:00:00,2025-01-07T06:25:00,2025-01-07T07:03:00,38,25,0,0
119,Misc,1,21,5,2025-01-04T09:00:00,2025-01-04T09:08:00,2025-01-04T09:29:00,21,8,0,1
120,Misc,3,43,1,2025-01-04T01:00:00,2025-01-04T01:09:00,2025-01-04T02:24:00,75,9,0,0
121,Study,4,82,1,2025-01-07T12:00:00,2025-01-07T12:04:00,2025-01-07T14:00:00,116,4,1,0
122,Personal,2,92,3,2025-01-02T06:00:00,2025-01-02T06:20:00,2025-01-02T08:21:00,121,20,-1,0
123,Finance/Admin,5,96,5,2025-01-03T18:00:00,2025-01-03T18:00:00,2025-01-03T19:06:00,66,0,1,1
124,Misc,4,58,5,2025-01-05T22:00:00,2025-01-05T22:06:00,2025-01-05T23:09:00,63,6,0,0
125,Study,2,100,2,2025-01-04T04:00:00,2025-01-04T04:27:00,2025-01-04T07:46:00,199,27,1,0
126,Personal,2,42,5,2025-01-02T04:00:00,2025-01-02T04:09:00,2025-01-02T04:59:00,50,9,-1,0
127,Finance/Admin,4,108,5,2025-01-06T09:00:00,2025-01-06T09:21:00,2025-01-06T10:48:00,87,21,0,0
128,Health/Fitness,3,110,3,2025-01-08T20:00:00,2025-01-08T20:03:00,2025-01-08T21:36:00,93,3,0,0
129,Health/Fitness,3,120,5,2025-01-08T10:00:00,2025-01-08T10:20:00,2025-01-08T11:48:00,88,20,-1,1
130,Study,5,48,2,2025-01-11T01:00:00,2025-01-11T01:07:00,2025-01-11T02:46:00,99,7,0,0
131,Study,1,41,3,2025-01-07T17:00:00,2025-01-07T17:15:00,2025-01-07T18:03:00,48,15,1,1
132,Misc,1,79,3,2025-01-08T20:00:00,2025-01-08T20:01:00,2025-01-08T21:10:00,69,1,0,1
133,Misc,4,30,5,2025-01-01T19:00:00,2025-01-01T19:07:00,2025-01-01T19:29:00,22,7,0,1
134,Social,1,31,2,2025-01-08T13:00:00,2025-01-08T13:30:00,2025-01-08T14:05:00,35,30,1,0
135,Social,5,25,2,2025-01-06T09:00:00,2025-01-06T09:02:00,2025-01-06T09:37:00,35,2,1,1
136,Social,2,94,4,2025-01-08T03:00:00,2025-01-08T03:25:00,2025-01-08T05:01:00,96,25,0,0
137,Misc,3,72,3,2025-01-04T19:00:00,2025-01-04T19:19:00,2025-01-04T20:38:00,79,19,1,0
138,Personal,3,72,4,2025-01-04T10:00:00,2025-01-04T10:07:00,2025-01-04T11:22:00,75,7,1,1
139,Work,4,31,3,2025-01-04T01:00:00,2025-01-04T01:10:00,2025-01-04T01:51:00,41,10,0,0
140,Finance/Admin,5,20,5,2025-01-06T07:00:00,2025-01-06T07:05:00,2025-01-06T07:18:00,13,5,0,0
141,Health/Fitness,5,66,5,2025-01-09T10:00:00,2025-01-09T10:05:00,2025-01-09T11:02:00,57,5,0,1
142,Work,2,54,5,2025-01-02T18:00:00,2025-01-02T18:26:00,2025-01-02T19:11:00,45,26,0,1
143,Misc,1,23,5,2025-01-09T21:00:00,2025-01-09T21:33:00,2025-01-09T21:48:00,15,33,-1,0
144,Social,5,21,5,2025-01-05T17:00:00,2025-01-05T17:04:00,2025-01-05T17:29:00,25,4,-1,0
145,Study,4,35,2,2025-01-06T16:00:00,2025-01-06T16:10:00,2025-01-06T16:56:00,46,10,1,1
146,Social,4,81,4,2025-01-03T23:00:00,2025-01-03T23:07:00,2025-01-04T00:41:00,94,7,0,0
147,Finance/Admin,2,96,5,2025-01-09T08:00:00,2025-01-09T08:13:00,2025-01-09T09:29:00,76,13,-1,0
148,Social,4,63,5,2025-01-04T05:00:00,2025-01-04T05:11:00,2025-01-04T06:29:00,78,11,-1,1
149,Social,5,94,4,2025-01-10T14:00:00,2025-01-10T14:10:00,2025-01-10T15:50:00,100,10,-1,1
150,Misc,3,62,5,2025-01-09T12:00:00,2025-01-09T12:17:00,2025-01-09T13:17:00,60,17,1,1
151,Misc,3,44,2,2025-01-07T11:00:00,2025-01-07T11:08:00,2025-01-07T11:57:00,49,8,0,0
152,Finance/Admin,1,60,4,2025-01-08T21:00:00,2025-01-08T21:25:00,2025-01-08T22:11:00,46,25,0,1
153,Personal,4,24,2,2025-01-06T17:00:00,2025-01-06T17:08:00,2025-01-06T17:37:00,29,8,1,1
154,Study,4,32,5,2025-01-11T02:00:00,2025-01-11T02:16:00,2025-01-11T02:58:00,42,16,0,0
155,Personal,4,103,2,2025-01-02T04:00:00,2025-01-02T04:12:00,2025-01-02T06:36:00,144,12,0,1
156,Hobbies/Creative,5,108,4,2025-01-08T07:00:00,2025-01-08T07:03:00,2025-01-08T09:26:00,143,3,-1,1
157,Finance/Admin,3,100,4,2025-01-10T16:00:00,2025-01-10T16:17:00,2025-01-10T17:36:00,79,17,1,0
158,Study,2,100,3,2025-01-03T19:00:00,2025-01-03T19:24:00,2025-01-03T21:24:00,120,24,1,0
159,Finance/Admin,1,117,1,2025-01-06T02:00:00,2025-01-06T02:25:00,2025-01-06T04:34:00,129,25,-1,1
160,Work,1,61,1,2025-01-04T12:00:00,2025-01-04T12:22:00,2025-01-04T13:49:00,87,22,0,1
161,Finance/Admin,2,51,5,2025-01-05T18:00:00,2025-01-05T18:17:00,2025-01-05T19:00:00,43,17,1,0
162,Personal,2,30,5,2025-01-10T15:00:00,2025-01-10T15:12:00,2025-01-10T15:45:00,33,12,0,0
163,Misc,5,38,2,2025-01-06T07:00:00,2025-01-06T07:00:00,2025-01-06T07:38:00,38,0,1,1
164,Misc,3,105,1,2025-01-10T23:00:00,2025-01-10T23:19:00,2025-01-11T02:04:00,165,19,0,1
165,Personal,1,76,3,2025-01-07T15:00:00,2025-01-07T15:24:00,2025-01-07T16:45:00,81,24,0,1
166,Social,4,58,2,2025-01-05T11:00:00,2025-01-05T11:08:00,2025-01-05T12:26:00,78,8,0,0
167,Health/Fitness,4,93,3,2025-01-07T12:00:00,2025-01-07T12:09:00,2025-01-07T13:25:00,76,9,0,1
168,Work,4,55,1,2025-01-07T09:00:00,2025-01-07T09:14:00,2025-01-07T10:25:00,71,14,1,0
169,Misc,3,119,2,2025-01-07T20:00:00,2025-01-07T20:08:00,2025-01-07T22:25:00,137,8,0,0
170,Health/Fitness,5,52,2,2025-01-08T01:00:00,2025-01-08T01:07:00,2025-01-08T02:09:00,62,7,-1,0
171,Social,4,24,5,2025-01-05T06:00:00,2025-01-05T06:04:00,2025-01-05T06:37:00,33,4,1,0
172,Study,3,61,4,2025-01-03T05:00:00,2025-01-03T05:14:00,2025-01-03T06:28:00,74,14,-1,0
173,Hobbies/Creative,5,84,3,2025-01-10T05:00:00,2025-01-10T05:02:00,2025-01-10T07:16:00,134,2,-1,1
174,Misc,3,115,3,2025-01-09T22:00:00,2025-01-09T22:04:00,2025-01-09T23:58:00,114,4,-1,1
175,Study,2,116,2,2025-01-10T13:00:00,2025-01-10T13:12:00,2025-01-10T15:54:00,162,12,1,1
176,Hobbies/Creative,1,70,1,2025-01-04T04:00:00,2025-01-04T04:22:00,2025-01-04T07:11:00,169,22,1,0
177,Misc,3,106,3,2025-01-07T14:00:00,2025-01-07T14:18:00,2025-01-07T16:01:00,103,18,0,1
178,Study,2,80,1,2025-01-07T23:00:00,2025-01-07T23:16:00,2025-01-08T01:17:00,121,16,1,1
179,Health/Fitness,1,101,4,2025-01-11T01:00:00,2025-01-11T01:20:00,2025-01-11T03:04:00,104,20,1,1
180,Finance/Admin,1,37,1,2025-01-01T18:00:00,2025-01-01T18:22:00,2025-01-01T18:53:00,31,22,0,1
181,Study,1,50,5,2025-01-02T19:00:00,2025-01-02T19:24:00,2025-01-02T20:27:00,63,24,0,1
182,Hobbies/Creative,5,73,5,2025-01-09T07:00:00,2025-01-09T07:04:00,2025-01-09T08:33:00,89,4,1,0
183,Finance/Admin,1,82,5,2025-01-05T17:00:00,2025-01-05T17:25:00,2025-01-05T18:26:00,61,25,0,0
184,Hobbies/Creative,2,76,4,2025-01-03T21:00:00,2025-01-03T21:18:00,2025-01-03T22:47:00,89,18,0,0
185,Hobbies/Creative,5,102,3,2025-01-02T00:00:00,2025-01-02T00:05:00,2025-01-02T02:29:00,144,5,0,1
186,Health/Fitness,1,78,1,2025-01-08T10:00:00,2025-01-08T10:21:00,2025-01-08T11:50:00,89,21,-1,0
187,Work,3,51,2,2025-01-09T18:00:00,2025-01-09T18:21:00,2025-01-09T19:36:00,75,21,1,0
188,Study,5,46,5,2025-01-03T16:00:00,2025-01-03T16:17:00,2025-01-03T17:02:00,45,17,-1,1
189,Personal,5,20,3,2025-01-10T12:00:00,2025-01-10T12:10:00,2025-01-10T12:30:00,20,10,-1,0
190,Social,2,34,1,2025-01-02T18:00:00,2025-01-02T18:30:00,2025-01-02T19:12:00,42,30,-1,1
191,Health/Fitness,5,61,1,2025-01-03T05:00:00,2025-01-03T05:00:00,2025-01-03T06:13:00,73,0,0,0
192,Personal,4,87,1,2025-01-09T07:00:00,2025-01-09T07:00:00,2025-01-09T08:37:00,97,0,-1,1
193,Misc,3,85,5,2025-01-02T12:00:00,2025-01-02T12:08:00,2025-01-02T13:25:00,77,8,0,0
194,Work,5,58,4,2025-01-08T05:00:00,2025-01-08T05:07:00,2025-01-08T06:31:00,84,7,-1,0
195,Misc,4,74,1,2025-01-06T14:00:00,2025-01-06T14:14:00,2025-01-06T15:36:00,82,14,1,1
196,Study,1,61,5,2025-01-02T22:00:00,2025-01-02T22:15:00,2025-01-02T23:38:00,83,15,-1,0
197,Social,5,101,5,2025-01-07T05:00:00,2025-01-07T05:00:00,2025-01-07T07:33:00,153,0,1,1
198,Finance/Admin,5,87,3,2025-01-06T05:00:00,2025-01-06T05:12:00,2025-01-06T06:30:00,78,12,1,1
199,Study,1,103,5,2025-01-09T01:00:00,2025-01-09T01:10:00,2025-01-09T03:45:00,155,10,-1,1
200,Misc,2,72,3,2025-01-10T04:00:00,2025-01-10T04:16:00,2025-01-10T05:55:00,99,16,0,1
201,Finance/Admin,1,60,4,2025-01-04T17:00:00,2025-01-04T17:11:00,2025-01-04T17:55:00,44,11,1,1
202,Hobbies/Creative,2,107,4,2025-01-02T02:00:00,2025-01-02T02:17:00,2025-01-02T04:48:00,151,17,-1,0
203,Study,4,32,3,2025-01-10T00:00:00,2025-01-10T00:06:00,2025-01-10T00:55:00,49,6,-1,0
204,Hobbies/Creative,1,72,3,2025-01-10T16:00:00,2025-01-10T16:14:00,2025-01-10T17:46:00,92,14,1,1
205,Work,3,96,3,2025-01-05T03:00:00,2025-01-05T03:13:00,2025-01-05T05:40:00,147,13,-1,0
206,Personal,4,48,1,2025-01-05T02:00:00,2025-01-05T02:13:00,2025-01-05T03:18:00,65,13,1,1
207,Study,3,93,2,2025-01-09T23:00:00,2025-01-09T23:03:00,2025-01-10T02:08:00,185,3,0,0
208,Social,1,43,3,2025-01-08T20:00:00,2025-01-08T20:22:00,2025-01-08T21:07:00,45,22,0,1
209,Hobbies/Creative,1,43,2,2025-01-07T09:00:00,2025-01-07T09:30:00,2025-01-07T10:38:00,68,30,1,1
210,Study,2,114,1,2025-01-02T08:00:00,2025-01-02T08:24:00,2025-01-02T11:09:00,165,24,1,0
211,Finance/Admin,4,78,3,2025-01-03T01:00:00,2025-01-03T01:21:00,2025-01-03T02:51:00,90,21,0,1
212,Hobbies/Creative,5,96,1,2025-01-10T19:00:00,2025-01-10T19:03:00,2025-01-10T21:50:00,167,3,-1,0
213,Personal,5,26,1,2025-01-04T06:00:00,2025-01-04T06:08:00,2025-01-04T06:55:00,47,8,0,1
214,Misc,5,76,4,2025-01-04T06:00:00,2025-01-04T06:00:00,2025-01-04T07:37:00,97,0,-1,0
215,Hobbies/Creative,4,34,3,2025-01-08T14:00:00,2025-01-08T14:15:00,2025-01-08T14:49:00,34,15,1,1
216,Social,1,48,4,2025-01-07T18:00:00,2025-01-07T18:13:00,2025-01-07T18:50:00,37,13,-1,0
217,Health/Fitness,3,47,2,2025-01-09T12:00:00,2025-01-09T12:11:00,2025-01-09T13:06:00,55,11,0,1
218,Hobbies/Creative,1,20,4,2025-01-09T08:00:00,2025-01-09T08:30:00,2025-01-09T08:53:00,23,30,0,0
219,Personal,4,88,2,2025-01-06T17:00:00,2025-01-06T17:18:00,2025-01-06T18:46:00,88,18,1,1
220,Study,4,114,1,2025-01-06T00:00:00,2025-01-06T00:00:00,2025-01-06T03:15:00,195,0,-1,1
221,Study,3,93,4,2025-01-07T11:00:00,2025-01-07T11:15:00,2025-01-07T12:55:00,100,15,0,1
222,Social,1,71,1,2025-01-04T20:00:00,2025-01-04T20:08:00,2025-01-04T21:54:00,106,8,-1,1
223,Hobbies/Creative,1,75,1,2025-01-03T23:00:00,2025-01-03T23:13:00,2025-01-04T01:44:00,151,13,0,1
224,Study,4,59,3,2025-01-03T17:00:00,2025-01-03T17:11:00,2025-01-03T18:13:00,62,11,0,0
225,Study,5,101,1,2025-01-07T00:00:00,2025-01-07T00:01:00,2025-01-07T02:33:00,152,1,1,0
226,Hobbies/Creative,3,113,2,2025-01-03T21:00:00,2025-01-03T21:12:00,2025-01-04T00:28:00,196,12,-1,0
227,Social,2,42,5,2025-01-03T00:00:00,2025-01-03T00:11:00,2025-01-03T01:06:00,55,11,1,0
228,Personal,4,79,5,2025-01-09T11:00:00,2025-01-09T11:05:00,2025-01-09T12:09:00,64,5,1,1
229,Hobbies/Creative,3,39,4,2025-01-02T02:00:00,2025-01-02T02:12:00,2025-01-02T02:59:00,47,12,0,1
230,Social,3,95,1,2025-01-05T03:00:00,2025-01-05T03:09:00,2025-01-05T05:37:00,148,9,1,0
231,Social,4,77,1,2025-01-01T23:00:00,2025-01-01T23:20:00,2025-01-02T01:28:00,128,20,0,1
232,Study,1,98,5,2025-01-06T18:00:00,2025-01-06T18:16:00,2025-01-06T20:04:00,108,16,0,1
233,Work,4,93,2,2025-01-04T19:00:00,2025-01-04T19:08:00,2025-01-04T21:19:00,131,8,1,1
234,Personal,1,77,1,2025-01-10T00:00:00,2025-01-10T00:24:00,2025-01-10T02:24:00,120,24,0,0
235,Personal,1,51,4,2025-01-06T01:00:00,2025-01-06T01:17:00,2025-01-06T02:08:00,51,17,1,0
236,Hobbies/Creative,3,56,4,2025-01-05T17:00:00,2025-01-05T17:11:00,2025-01-05T18:03:00,52,11,0,0
237,Hobbies/Creative,1,62,1,2025-01-07T07:00:00,2025-01-07T07:11:00,2025-01-07T09:03:00,112,11,1,1
238,Social,3,112,5,2025-01-10T16:00:00,2025-01-10T16:22:00,2025-01-10T18:14:00,112,22,-1,1
239,Study,5,104,2,2025-01-11T03:00:00,2025-01-11T03:08:00,2025-01-11T06:33:00,205,8,0,1
240,Finance/Admin,2,96,1,2025-01-04T16:00:00,2025-01-04T16:35:00,2025-01-04T18:29:00,114,35,1,1
241,Hobbies/Creative,2,105,5,2025-01-02T08:00:00,2025-01-02T08:16:00,2025-01-02T10:04:00,108,16,1,1
242,Hobbies/Creative,1,66,3,2025-01-03T07:00:00,2025-01-03T07:11:00,2025-01-03T08:38:00,87,11,-1,1
243,Misc,2,48,2,2025-01-03T00:00:00,2025-01-03T00:12:00,2025-01-03T01:09:00,57,12,-1,1
244,Study,5,118,5,2025-01-10T06:00:00,2025-01-10T06:01:00,2025-01-10T08:14:00,133,1,1,0
245,Hobbies/Creative,5,36,5,2025-01-05T09:00:00,2025-01-05T09:15:00,2025-01-05T10:06:00,51,15,-1,0
246,Personal,5,41,4,2025-01-01T20:00:00,2025-01-01T20:04:00,2025-01-01T20:47:00,43,4,0,1
247,Health/Fitness,4,98,3,2025-01-09T09:00:00,2025-01-09T09:09:00,2025-01-09T10:28:00,79,9,1,1
248,Health/Fitness,5,50,3,2025-01-10T00:00:00,2025-01-10T00:14:00,2025-01-10T01:11:00,57,14,0,0
249,Hobbies/Creative,5,76,4,2025-01-09T13:00:00,2025-01-09T13:00:00,2025-01-09T14:26:00,86,0,0,1
250,Finance/Admin,2,45,5,2025-01-02T20:00:00,2025-01-02T20:11:00,2025-01-02T20:38:00,27,11,0,0
251,Misc,3,90,1,2025-01-08T23:00:00,2025-01-08T23:18:00,2025-01-09T01:57:00,159,18,1,0
252,Social,1,117,2,2025-01-04T06:00:00,2025-01-04T06:12:00,2025-01-04T09:59:00,227,12,0,0
253,Finance/Admin,1,48,4,2025-01-10T19:00:00,2025-01-10T19:17:00,2025-01-10T19:49:00,32,17,0,0
254,Finance/Admin,1,70,5,2025-01-05T08:00:00,2025-01-05T08:17:00,2025-01-05T09:06:00,49,17,-1,1
255,Study,3,48,1,2025-01-04T18:00:00,2025-01-04T18:13:00,2025-01-04T19:21:00,68,13,-1,1
256,Personal,2,24,3,2025-01-11T03:00:00,2025-01-11T03:18:00,2025-01-11T03:49:00,31,18,0,0
257,Misc,4,98,1,2025-01-11T00:00:00,2025-01-11T00:07:00,2025-01-11T02:25:00,138,7,-1,0
258,Social,2,39,5,2025-01-11T09:00:00,2025-01-11T09:13:00,2025-01-11T10:01:00,48,13,1,1
259,Study,3,50,3,2025-01-02T16:00:00,2025-01-02T16:16:00,2025-01-02T17:08:00,52,16,-1,0
260,Finance/Admin,5,78,1,2025-01-02T13:00:00,2025-01-02T13:05:00,2025-01-02T14:26:00,81,5,0,0
261,Health/Fitness,2,57,4,2025-01-01T09:00:00,2025-01-01T09:06:00,2025-01-01T09:55:00,49,6,1,1
262,Health/Fitness,5,73,2,2025-01-08T11:00:00,2025-01-08T11:01:00,2025-01-08T12:25:00,84,1,1,0
263,Hobbies/Creative,1,87,5,2025-01-06T18:00:00,2025-01-06T18:16:00,2025-01-06T19:35:00,79,16,1,0
264,Finance/Admin,4,25,4,2025-01-05T08:00:00,2025-01-05T08:00:00,2025-01-05T08:19:00,19,0,0,0
265,Hobbies/Creative,1,64,2,2025-01-09T04:00:00,2025-01-09T04:22:00,2025-01-09T06:08:00,106,22,1,0
266,Hobbies/Creative,2,25,3,2025-01-07T04:00:00,2025-01-07T04:20:00,2025-01-07T04:51:00,31,20,0,0
267,Misc,4,100,2,2025-01-10T00:00:00,2025-01-10T00:08:00,2025-01-10T02:11:00,123,8,-1,0
268,Misc,1,57,2,2025-01-01T20:00:00,2025-01-01T20:17:00,2025-01-01T21:25:00,68,17,-1,0
269,Hobbies/Creative,3,85,4,2025-01-10T01:00:00,2025-01-10T01:07:00,2025-01-10T03:00:00,113,7,1,1
270,Social,1,116,2,2025-01-04T10:00:00,2025-01-04T10:27:00,2025-01-04T13:10:00,163,27,0,0
271,Hobbies/Creative,3,35,3,2025-01-06T00:00:00,2025-01-06T00:18:00,2025-01-06T01:05:00,47,18,0,1
272,Finance/Admin,3,43,4,2025-01-08T18:00:00,2025-01-08T18:16:00,2025-01-08T18:52:00,36,16,0,1
273,Social,1,113,4,2025-01-02T05:00:00,2025-01-02T05:06:00,2025-01-02T07:12:00,126,6,0,0
274,Social,3,33,1,2025-01-04T20:00:00,2025-01-04T20:16:00,2025-01-04T21:04:00,48,16,1,1
275,Social,4,97,4,2025-01-03T03:00:00,2025-01-03T03:11:00,2025-01-03T05:02:00,111,11,1,1
276,Hobbies/Creative,4,25,3,2025-01-07T22:00:00,2025-01-07T22:09:00,2025-01-07T22:47:00,38,9,0,1
277,Work,1,105,4,2025-01-05T06:00:00,2025-01-05T06:28:00,2025-01-05T08:49:00,141,28,1,0
278,Work,2,97,4,2025-01-01T17:00:00,2025-01-01T17:19:00,2025-01-01T18:50:00,91,19,-1,0
279,Health/Fitness,3,66,4,2025-01-07T10:00:00,2025-01-07T10:10:00,2025-01-07T11:00:00,50,10,-1,0
280,Misc,3,67,4,2025-01-09T12:00:00,2025-01-09T12:15:00,2025-01-09T13:12:00,57,15,-1,0
281,Hobbies/Creative,4,60,3,2025-01-04T00:00:00,2025-01-04T00:10:00,2025-01-04T02:18:00,128,10,-1,0
282,Personal,4,86,4,2025-01-11T02:00:00,2025-01-11T02:14:00,2025-01-11T03:52:00,98,14,1,0
283,Social,3,110,4,2025-01-03T15:00:00,2025-01-03T15:20:00,2025-01-03T17:08:00,108,20,1,1
284,Misc,2,35,2,2025-01-10T11:00:00,2025-01-10T11:04:00,2025-01-10T11:40:00,36,4,-1,1
285,Personal,4,31,3,2025-01-08T11:00:00,2025-01-08T11:00:00,2025-01-08T11:29:00,29,0,0,0
286,Social,3,40,2,2025-01-09T20:00:00,2025-01-09T20:13:00,2025-01-09T21:19:00,66,13,0,0
287,Study,2,37,2,2025-01-09T19:00:00,2025-01-09T19:18:00,2025-01-09T20:09:00,51,18,0,0
288,Hobbies/Creative,5,93,3,2025-01-06T08:00:00,2025-01-06T08:09:00,2025-01-06T09:37:00,88,9,1,0
289,Study,1,59,4,2025-01-09T00:00:00,2025-01-09T00:22:00,2025-01-09T01:45:00,83,22,1,1
290,Finance/Admin,4,93,1,2025-01-02T17:00:00,2025-01-02T17:00:00,2025-01-02T18:41:00,101,0,0,0
291,Misc,4,107,5,2025-01-05T01:00:00,2025-01-05T01:11:00,2025-01-05T03:11:00,120,11,-1,0
292,Personal,4,84,1,2025-01-10T05:00:00,2025-01-10T05:12:00,2025-01-10T07:45:00,153,12,-1,0
293,Social,2,40,3,2025-01-11T08:00:00,2025-01-11T08:18:00,2025-01-11T09:10:00,52,18,1,0
294,Hobbies/Creative,5,56,1,2025-01-04T01:00:00,2025-01-04T01:02:00,2025-01-04T02:45:00,103,2,-1,1
295,Personal,3,98,5,2025-01-02T08:00:00,2025-01-02T08:17:00,2025-01-02T09:36:00,79,17,1,0
296,Personal,2,104,5,2025-01-09T01:00:00,2025-01-09T01:17:00,2025-01-09T03:02:00,105,17,1,1
297,Work,1,30,1,2025-01-08T05:00:00,2025-01-08T05:23:00,2025-01-08T06:12:00,49,23,1,1
298,Health/Fitness,5,73,5,2025-01-08T04:00:00,2025-01-08T04:11:00,2025-01-08T05:17:00,66,11,-1,1
299,Social,3,81,2,2025-01-09T23:00:00,2025-01-09T23:11:00,2025-01-10T01:09:00,118,11,1,1
300,Social,4,29,1,2025-01-03T01:00:00,2025-01-03T01:06:00,2025-01-03T01:56:00,50,6,0,1
301,Misc,4,46,3,2025-01-07T20:00:00,2025-01-07T20:13:00,2025-01-07T20:53:00,40,13,-1,1
302,Hobbies/Creative,3,71,2,2025-01-09T11:00:00,2025-01-09T11:18:00,2025-01-09T13:26:00,128,18,0,0
303,Hobbies/Creative,2,79,1,2025-01-04T05:00:00,2025-01-04T05:19:00,2025-01-04T08:38:00,199,19,0,0
304,Personal,1,26,3,2025-01-05T11:00:00,2025-01-05T11:16:00,2025-01-05T11:40:00,24,16,1,1
305,Health/Fitness,2,61,5,2025-01-09T01:00:00,2025-01-09T01:06:00,2025-01-09T02:15:00,69,6,0,0
306,Personal,4,85,4,2025-01-06T16:00:00,2025-01-06T16:12:00,2025-01-06T17:27:00,75,12,0,1
307,Work,1,70,5,2025-01-06T06:00:00,2025-01-06T06:22:00,2025-01-06T07:33:00,71,22,-1,0
308,Hobbies/Creative,1,26,3,2025-01-06T15:00:00,2025-01-06T15:35:00,2025-01-06T16:09:00,34,35,1,1
309,Social,5,21,1,2025-01-05T23:00:00,2025-01-05T23:05:00,2025-01-05T23:46:00,41,5,-1,1
310,Hobbies/Creative,4,66,1,2025-01-05T15:00:00,2025-01-05T15:11:00,2025-01-05T17:07:00,116,11,-1,0
311,Hobbies/Creative,5,56,1,2025-01-05T11:00:00,2025-01-05T11:00:00,2025-01-05T12:41:00,101,0,1,1
312,Social,5,107,5,2025-01-02T15:00:00,2025-01-02T15:16:00,2025-01-02T17:24:00,128,16,-1,0
313,Finance/Admin,3,63,5,2025-01-11T09:00:00,2025-01-11T09:22:00,2025-01-11T10:08:00,46,22,0,0
314,Health/Fitness,5,85,4,2025-01-06T17:00:00,2025-01-06T17:00:00,2025-01-06T18:07:00,67,0,-1,0
315,Work,2,111,3,2025-01-09T22:00:00,2025-01-09T22:17:00,2025-01-10T01:02:00,165,17,0,1
316,Personal,5,85,2,2025-01-04T20:00:00,2025-01-04T20:00:00,2025-01-04T22:12:00,132,0,1,1
317,Personal,4,98,3,2025-01-07T16:00:00,2025-01-07T16:08:00,2025-01-07T17:40:00,92,8,0,1
318,Social,4,22,3,2025-01-04T21:00:00,2025-01-04T21:02:00,2025-01-04T21:24:00,22,2,1,0
319,Finance/Admin,5,59,1,2025-01-07T17:00:00,2025-01-07T17:09:00,2025-01-07T18:06:00,57,9,0,1
320,Health/Fitness,1,94,4,2025-01-03T04:00:00,2025-01-03T04:13:00,2025-01-03T05:30:00,77,13,1,1
321,Personal,2,24,5,2025-01-08T20:00:00,2025-01-08T20:14:00,2025-01-08T20:39:00,25,14,-1,0
322,Work,4,60,4,2025-01-02T23:00:00,2025-01-02T23:07:00,2025-01-03T00:05:00,58,7,0,0
323,Finance/Admin,5,119,5,2025-01-11T04:00:00,2025-01-11T04:03:00,2025-01-11T05:52:00,109,3,0,0
324,Personal,5,46,5,2025-01-04T20:00:00,2025-01-04T20:00:00,2025-01-04T20:45:00,45,0,1,1
325,Finance/Admin,3,42,4,2025-01-11T02:00:00,2025-01-11T02:11:00,2025-01-11T02:54:00,43,11,1,1
326,Hobbies/Creative,3,98,4,2025-01-03T10:00:00,2025-01-03T10:24:00,2025-01-03T12:34:00,130,24,-1,1
327,Social,2,58,3,2025-01-08T21:00:00,2025-01-08T21:15:00,2025-01-08T22:12:00,57,15,-1,1
328,Hobbies/Creative,4,64,5,2025-01-11T08:00:00,2025-01-11T08:24:00,2025-01-11T09:46:00,82,24,1,1
329,Social,1,93,5,2025-01-05T10:00:00,2025-01-05T10:21:00,2025-01-05T12:06:00,105,21,0,1
330,Personal,3,25,3,2025-01-08T23:00:00,2025-01-08T23:14:00,2025-01-08T23:43:00,29,14,-1,1
331,Misc,3,115,4,2025-01-03T15:00:00,2025-01-03T15:09:00,2025-01-03T16:45:00,96,9,-1,1
332,Social,2,33,5,2025-01-09T06:00:00,2025-01-09T06:16:00,2025-01-09T06:54:00,38,16,1,0
333,Health/Fitness,1,105,5,2025-01-03T18:00:00,2025-01-03T18:16:00,2025-01-03T19:42:00,86,16,1,0
334,Work,1,72,3,2025-01-09T00:00:00,2025-01-09T00:19:00,2025-01-09T02:11:00,112,19,0,0
335,Personal,1,90,2,2025-01-05T17:00:00,2025-01-05T17:05:00,2025-01-05T19:19:00,134,5,1,1
336,Misc,2,116,3,2025-01-04T19:00:00,2025-01-04T19:24:00,2025-01-04T20:59:00,95,24,0,0
337,Study,5,49,5,2025-01-09T06:00:00,2025-01-09T06:02:00,2025-01-09T07:02:00,60,2,1,0
338,Personal,4,42,1,2025-01-10T07:00:00,2025-01-10T07:00:00,2025-01-10T07:45:00,45,0,0,1
339,Personal,3,24,1,2025-01-04T13:00:00,2025-01-04T13:06:00,2025-01-04T13:44:00,38,6,1,0
340,Hobbies/Creative,3,78,5,2025-01-06T23:00:00,2025-01-06T23:18:00,2025-01-07T01:24:00,126,18,0,0
341,Misc,3,44,1,2025-01-04T21:00:00,2025-01-04T21:17:00,2025-01-04T22:07:00,50,17,-1,1
342,Social,2,21,3,2025-01-09T19:00:00,2025-01-09T19:13:00,2025-01-09T19:38:00,25,13,0,0
343,Personal,5,101,4,2025-01-10T04:00:00,2025-01-10T04:00:00,2025-01-10T05:58:00,118,0,0,1
344,Study,4,105,1,2025-01-03T08:00:00,2025-01-03T08:07:00,2025-01-03T10:31:00,144,7,-1,1
345,Hobbies/Creative,2,20,3,2025-01-05T11:00:00,2025-01-05T11:21:00,2025-01-05T11:51:00,30,21,-1,1
346,Social,3,58,5,2025-01-09T02:00:00,2025-01-09T02:10:00,2025-01-09T03:32:00,82,10,1,0
347,Social,3,108,2,2025-01-02T00:00:00,2025-01-02T00:06:00,2025-01-02T03:18:00,192,6,1,0
348,Misc,3,40,4,2025-01-08T16:00:00,2025-01-08T16:16:00,2025-01-08T16:50:00,34,16,1,1
349,Study,3,67,5,2025-01-03T17:00:00,2025-01-03T17:14:00,2025-01-03T18:15:00,61,14,-1,0
350,Misc,2,78,5,2025-01-05T08:00:00,2025-01-05T08:22:00,2025-01-05T09:37:00,75,22,0,1
351,Health/Fitness,2,107,5,2025-01-10T16:00:00,2025-01-10T16:13:00,2025-01-10T17:50:00,97,13,-1,1
352,Hobbies/Creative,1,92,1,2025-01-02T00:00:00,2025-01-02T00:16:00,2025-01-02T02:39:00,143,16,1,0
353,Personal,2,61,5,2025-01-06T02:00:00,2025-01-06T02:07:00,2025-01-06T03:17:00,70,7,-1,0
354,Misc,1,85,4,2025-01-10T00:00:00,2025-01-10T00:13:00,2025-01-10T02:04:00,111,13,-1,1
355,Personal,5,73,4,2025-01-07T09:00:00,2025-01-07T09:00:00,2025-01-07T10:19:00,79,0,-1,1
356,Social,1,70,3,2025-01-10T02:00:00,2025-01-10T02:22:00,2025-01-10T03:57:00,95,22,-1,0
357,Study,1,74,3,2025-01-08T20:00:00,2025-01-08T20:17:00,2025-01-08T21:50:00,93,17,-1,0
358,Study,4,24,3,2025-01-05T17:00:00,2025-01-05T17:08:00,2025-01-05T17:43:00,35,8,-1,0
359,Finance/Admin,3,68,4,2025-01-10T15:00:00,2025-01-10T15:13:00,2025-01-10T16:02:00,49,13,0,1
360,Study,5,37,3,2025-01-02T15:00:00,2025-01-02T15:02:00,2025-01-02T15:46:00,44,2,-1,1
361,Personal,2,20,1,2025-01-04T13:00:00,2025-01-04T13:18:00,2025-01-04T13:38:00,20,18,0,1
362,Finance/Admin,2,51,4,2025-01-05T01:00:00,2025-01-05T01:08:00,2025-01-05T02:00:00,52,8,-1,1
363,Health/Fitness,1,24,4,2025-01-07T22:00:00,2025-01-07T22:22:00,2025-01-07T22:44:00,22,22,-1,0
364,Health/Fitness,1,32,5,2025-01-01T17:00:00,2025-01-01T17:21:00,2025-01-01T17:48:00,27,21,0,0
365,Health/Fitness,1,71,4,2025-01-03T20:00:00,2025-01-03T20:17:00,2025-01-03T21:09:00,52,17,1,0
366,Work,2,84,3,2025-01-03T20:00:00,2025-01-03T20:18:00,2025-01-03T21:39:00,81,18,1,1
367,Hobbies/Creative,2,58,2,2025-01-08T10:00:00,2025-01-08T10:19:00,2025-01-08T11:30:00,71,19,1,0
368,Finance/Admin,3,55,1,2025-01-07T07:00:00,2025-01-07T07:19:00,2025-01-07T08:14:00,55,19,1,0
369,Finance/Admin,5,83,1,2025-01-05T01:00:00,2025-01-05T01:06:00,2025-01-05T03:03:00,117,6,1,1
370,Hobbies/Creative,4,72,2,2025-01-04T13:00:00,2025-01-04T13:18:00,2025-01-04T15:36:00,138,18,0,0
371,Misc,2,48,3,2025-01-10T12:00:00,2025-01-10T12:05:00,2025-01-10T12:45:00,40,5,1,0
372,Misc,1,91,4,2025-01-05T19:00:00,2025-01-05T19:17:00,2025-01-05T20:47:00,90,17,1,0
373,Finance/Admin,2,52,2,2025-01-04T21:00:00,2025-01-04T21:20:00,2025-01-04T22:10:00,50,20,1,0
374,Misc,3,31,5,2025-01-09T02:00:00,2025-01-09T02:14:00,2025-01-09T02:44:00,30,14,-1,0
375,Social,4,106,5,2025-01-07T19:00:00,2025-01-07T19:05:00,2025-01-07T20:36:00,91,5,-1,0
376,Health/Fitness,5,112,5,2025-01-03T16:00:00,2025-01-03T16:00:00,2025-01-03T17:16:00,76,0,0,0
377,Hobbies/Creative,3,21,2,2025-01-11T08:00:00,2025-01-11T08:07:00,2025-01-11T08:47:00,40,7,-1,0
378,Misc,2,109,5,2025-01-08T21:00:00,2025-01-08T21:11:00,2025-01-08T23:20:00,129,11,-1,1
379,Health/Fitness,5,61,3,2025-01-05T10:00:00,2025-01-05T10:07:00,2025-01-05T11:08:00,61,7,0,1
380,Social,3,66,5,2025-01-10T18:00:00,2025-01-10T18:07:00,2025-01-10T19:21:00,74,7,0,1
381,Study,4,117,3,2025-01-11T03:00:00,2025-01-11T03:05:00,2025-01-11T06:13:00,188,5,-1,1
382,Hobbies/Creative,4,25,5,2025-01-10T14:00:00,2025-01-10T14:24:00,2025-01-10T14:52:00,28,24,-1,0
383,Work,3,90,5,2025-01-07T13:00:00,2025-01-07T13:19:00,2025-01-07T14:40:00,81,19,1,1
384,Social,2,45,3,2025-01-03T19:00:00,2025-01-03T19:16:00,2025-01-03T20:18:00,62,16,0,0
385,Misc,5,103,3,2025-01-04T02:00:00,2025-01-04T02:01:00,2025-01-04T04:46:00,165,1,0,1
386,Misc,2,113,3,2025-01-03T04:00:00,2025-01-03T04:21:00,2025-01-03T06:27:00,126,21,-1,1
387,Personal,5,102,1,2025-01-06T23:00:00,2025-01-06T23:08:00,2025-01-07T01:52:00,164,8,-1,0
388,Work,1,72,2,2025-01-10T08:00:00,2025-01-10T08:24:00,2025-01-10T09:41:00,77,24,1,0
389,Study,2,21,2,2025-01-06T18:00:00,2025-01-06T18:12:00,2025-01-06T18:41:00,29,12,0,1
390,Work,5,101,5,2025-01-11T02:00:00,2025-01-11T02:04:00,2025-01-11T04:25:00,141,4,0,1
391,Work,1,88,5,2025-01-05T18:00:00,2025-01-05T18:22:00,2025-01-05T19:42:00,80,22,-1,0
392,Social,5,56,1,2025-01-06T17:00:00,2025-01-06T17:07:00,2025-01-06T18:29:00,82,7,1,1
393,Personal,1,32,5,2025-01-02T23:00:00,2025-01-02T23:24:00,2025-01-03T00:03:00,39,24,-1,0
394,Social,3,54,4,2025-01-02T05:00:00,2025-01-02T05:18:00,2025-01-02T06:28:00,70,18,0,1
395,Misc,5,51,2,2025-01-04T13:00:00,2025-01-04T13:04:00,2025-01-04T13:57:00,53,4,1,0
396,Work,1,71,4,2025-01-05T09:00:00,2025-01-05T09:23:00,2025-01-05T10:42:00,79,23,1,1
397,Work,1,109,2,2025-01-02T06:00:00,2025-01-02T06:22:00,2025-01-02T08:48:00,146,22,0,1
398,Hobbies/Creative,5,32,5,2025-01-11T04:00:00,2025-01-11T04:00:00,2025-01-11T04:55:00,55,0,-1,0
399,Health/Fitness,5,80,3,2025-01-01T20:00:00,2025-01-01T20:04:00,2025-01-01T21:21:00,77,4,-1,1
400,Work,2,60,1,2025-01-03T14:00:00,2025-01-03T14:17:00,2025-01-03T15:36:00,79,17,1,0
401,Finance/Admin,1,58,2,2025-01-07T09:00:00,2025-01-07T09:26:00,2025-01-07T10:18:00,52,26,-1,1
402,Hobbies/Creative,4,116,2,2025-01-09T19:00:00,2025-01-09T19:09:00,2025-01-09T21:59:00,170,9,1,0
403,Hobbies/Creative,1,32,4,2025-01-03T20:00:00,2025-01-03T20:18:00,2025-01-03T20:54:00,36,18,-1,1
404,Finance/Admin,3,23,3,2025-01-09T17:00:00,2025-01-09T17:14:00,2025-01-09T17:31:00,17,14,0,1
405,Health/Fitness,3,90,4,2025-01-05T23:00:00,2025-01-05T23:20:00,2025-01-06T00:45:00,85,20,-1,1
406,Study,5,57,2,2025-01-08T23:00:00,2025-01-08T23:03:00,2025-01-09T00:36:00,93,3,-1,0
407,Social,2,68,2,2025-01-09T06:00:00,2025-01-09T06:25:00,2025-01-09T08:20:00,115,25,0,1
408,Hobbies/Creative,1,31,1,2025-01-04T15:00:00,2025-01-04T15:27:00,2025-01-04T16:10:00,43,27,0,1
409,Social,1,36,1,2025-01-03T08:00:00,2025-01-03T08:22:00,2025-01-03T09:16:00,54,22,0,1
410,Finance/Admin,1,23,1,2025-01-05T03:00:00,2025-01-05T03:21:00,2025-01-05T03:53:00,32,21,1,0
411,Hobbies/Creative,4,21,3,2025-01-05T18:00:00,2025-01-05T18:05:00,2025-01-05T18:40:00,35,5,0,0
412,Health/Fitness,5,86,2,2025-01-08T16:00:00,2025-01-08T16:18:00,2025-01-08T17:46:00,88,18,0,0
413,Personal,3,58,3,2025-01-06T15:00:00,2025-01-06T15:10:00,2025-01-06T16:18:00,68,10,-1,0
414,Personal,4,55,4,2025-01-04T13:00:00,2025-01-04T13:18:00,2025-01-04T14:09:00,51,18,0,0
415,Hobbies/Creative,3,51,4,2025-01-07T17:00:00,2025-01-07T17:10:00,2025-01-07T18:07:00,57,10,1,0
416,Misc,1,37,3,2025-01-01T10:00:00,2025-01-01T10:12:00,2025-01-01T10:44:00,32,12,0,1
417,Finance/Admin,3,76,3,2025-01-05T23:00:00,2025-01-05T23:06:00,2025-01-06T00:18:00,72,6,1,0
418,Social,3,97,2,2025-01-06T11:00:00,2025-01-06T11:12:00,2025-01-06T13:29:00,137,12,0,0
419,Finance/Admin,3,57,4,2025-01-07T12:00:00,2025-01-07T12:22:00,2025-01-07T12:58:00,36,22,-1,1
420,Finance/Admin,3,120,4,2025-01-05T06:00:00,2025-01-05T06:18:00,2025-01-05T08:09:00,111,18,-1,0
421,Personal,5,23,4,2025-01-08T22:00:00,2025-01-08T22:04:00,2025-01-08T22:30:00,26,4,-1,1
422,Social,1,72,4,2025-01-02T20:00:00,2025-01-02T20:14:00,2025-01-02T21:31:00,77,14,1,1
423,Health/Fitness,3,104,2,2025-01-09T00:00:00,2025-01-09T00:13:00,2025-01-09T02:35:00,142,13,0,1
424,Study,4,96,4,2025-01-07T14:00:00,2025-01-07T14:10:00,2025-01-07T16:24:00,134,10,0,1
425,Work,3,109,5,2025-01-07T17:00:00,2025-01-07T17:09:00,2025-01-07T18:50:00,101,9,1,0
426,Study,2,104,3,2025-01-03T03:00:00,2025-01-03T03:13:00,2025-01-03T05:32:00,139,13,1,0
427,Finance/Admin,3,75,1,2025-01-01T11:00:00,2025-01-01T11:09:00,2025-01-01T12:31:00,82,9,-1,1
428,Health/Fitness,5,115,5,2025-01-07T07:00:00,2025-01-07T07:13:00,2025-01-07T08:39:00,86,13,1,0
429,Misc,3,70,4,2025-01-09T14:00:00,2025-01-09T14:08:00,2025-01-09T15:14:00,66,8,1,0
430,Hobbies/Creative,1,81,1,2025-01-04T12:00:00,2025-01-04T12:17:00,2025-01-04T14:46:00,149,17,0,0
431,Study,2,64,3,2025-01-05T00:00:00,2025-01-05T00:18:00,2025-01-05T01:40:00,82,18,0,0
432,Misc,3,80,1,2025-01-06T01:00:00,2025-01-06T01:22:00,2025-01-06T03:42:00,140,22,1,1
433,Hobbies/Creative,1,58,1,2025-01-10T00:00:00,2025-01-10T00:17:00,2025-01-10T02:00:00,103,17,1,0
434,Work,3,102,1,2025-01-08T14:00:00,2025-01-08T14:14:00,2025-01-08T16:34:00,140,14,-1,0
435,Personal,5,40,3,2025-01-07T08:00:00,2025-01-07T08:08:00,2025-01-07T08:57:00,49,8,0,1
436,Health/Fitness,4,100,2,2025-01-03T08:00:00,2025-01-03T08:07:00,2025-01-03T09:44:00,97,7,1,1
437,Finance/Admin,1,114,5,2025-01-10T19:00:00,2025-01-10T19:12:00,2025-01-10T20:26:00,74,12,-1,1
438,Finance/Admin,4,20,2,2025-01-03T13:00:00,2025-01-03T13:08:00,2025-01-03T13:31:00,23,8,0,0
439,Study,5,43,3,2025-01-04T20:00:00,2025-01-04T20:01:00,2025-01-04T20:59:00,58,1,-1,1
440,Study,3,105,4,2025-01-07T00:00:00,2025-01-07T00:12:00,2025-01-07T02:47:00,155,12,1,1
441,Finance/Admin,5,70,5,2025-01-02T14:00:00,2025-01-02T14:20:00,2025-01-02T15:07:00,47,20,0,1
442,Misc,5,42,3,2025-01-11T04:00:00,2025-01-11T04:02:00,2025-01-11T05:04:00,62,2,1,0
443,Personal,3,35,2,2025-01-04T15:00:00,2025-01-04T15:17:00,2025-01-04T16:13:00,56,17,-1,0
444,Hobbies/Creative,2,85,4,2025-01-05T20:00:00,2025-01-05T20:20:00,2025-01-05T22:04:00,104,20,1,0
445,Finance/Admin,4,43,4,2025-01-08T03:00:00,2025-01-08T03:12:00,2025-01-08T03:54:00,42,12,1,0
446,Personal,4,56,2,2025-01-03T08:00:00,2025-01-03T08:13:00,2025-01-03T09:24:00,71,13,0,1
447,Work,3,21,4,2025-01-02T19:00:00,2025-01-02T19:19:00,2025-01-02T19:42:00,23,19,-1,1
448,Misc,4,107,4,2025-01-05T19:00:00,2025-01-05T19:17:00,2025-01-05T21:11:00,114,17,1,1
449,Misc,2,30,5,2025-01-01T16:00:00,2025-01-01T16:15:00,2025-01-01T16:42:00,27,15,-1,1
450,Work,3,48,5,2025-01-04T10:00:00,2025-01-04T10:20:00,2025-01-04T11:07:00,47,20,-1,1
451,Misc,5,85,1,2025-01-07T11:00:00,2025-01-07T11:07:00,2025-01-07T12:44:00,97,7,-1,1
452,Hobbies/Creative,5,116,1,2025-01-09T11:00:00,2025-01-09T11:05:00,2025-01-09T14:33:00,208,5,1,1
453,Health/Fitness,4,33,2,2025-01-04T13:00:00,2025-01-04T13:10:00,2025-01-04T13:49:00,39,10,-1,1
454,Social,3,31,4,2025-01-10T14:00:00,2025-01-10T14:04:00,2025-01-10T14:38:00,34,4,-1,0
455,Health/Fitness,5,108,3,2025-01-10T13:00:00,2025-01-10T13:08:00,2025-01-10T15:10:00,122,8,1,1
456,Personal,5,37,2,2025-01-10T01:00:00,2025-01-10T01:03:00,2025-01-10T01:57:00,54,3,-1,0
457,Hobbies/Creative,5,55,5,2025-01-07T02:00:00,2025-01-07T02:06:00,2025-01-07T03:37:00,91,6,-1,1
458,Social,3,93,3,2025-01-10T12:00:00,2025-01-10T12:12:00,2025-01-10T14:02:00,110,12,1,0
459,Personal,4,27,3,2025-01-10T14:00:00,2025-01-10T14:12:00,2025-01-10T14:39:00,27,12,1,0
460,Personal,2,38,3,2025-01-10T05:00:00,2025-01-10T05:14:00,2025-01-10T06:00:00,46,14,-1,1
461,Misc,2,93,3,2025-01-08T01:00:00,2025-01-08T01:23:00,2025-01-08T03:00:00,97,23,0,1
462,Misc,1,101,1,2025-01-05T16:00:00,2025-01-05T16:21:00,2025-01-05T18:23:00,122,21,1,1
463,Hobbies/Creative,4,82,3,2025-01-07T13:00:00,2025-01-07T13:16:00,2025-01-07T14:43:00,87,16,-1,0
464,Misc,3,28,5,2025-01-05T14:00:00,2025-01-05T14:09:00,2025-01-05T14:37:00,28,9,-1,1
465,Health/Fitness,4,54,3,2025-01-10T05:00:00,2025-01-10T05:18:00,2025-01-10T06:15:00,57,18,0,1
466,Personal,5,82,3,2025-01-10T21:00:00,2025-01-10T21:01:00,2025-01-10T22:41:00,100,1,1,0
467,Work,1,100,4,2025-01-01T13:00:00,2025-01-01T13:12:00,2025-01-01T14:24:00,72,12,-1,0
468,Misc,4,20,4,2025-01-03T12:00:00,2025-01-03T12:11:00,2025-01-03T12:27:00,16,11,1,0
469,Social,2,55,1,2025-01-08T08:00:00,2025-01-08T08:10:00,2025-01-08T09:32:00,82,10,0,1
470,Study,3,105,2,2025-01-01T22:00:00,2025-01-01T22:14:00,2025-01-02T01:03:00,169,14,0,1
471,Health/Fitness,4,103,1,2025-01-08T21:00:00,2025-01-08T21:01:00,2025-01-08T23:03:00,122,1,-1,0
472,Health/Fitness,4,29,2,2025-01-07T16:00:00,2025-01-07T16:12:00,2025-01-07T16:42:00,30,12,-1,1
473,Work,1,109,3,2025-01-10T02:00:00,2025-01-10T02:32:00,2025-01-10T04:37:00,125,32,-1,1
474,Personal,4,29,2,2025-01-05T11:00:00,2025-01-05T11:00:00,2025-01-05T11:35:00,35,0,-1,0
475,Study,3,67,3,2025-01-02T20:00:00,2025-01-02T20:12:00,2025-01-02T21:34:00,82,12,0,0
476,Personal,1,87,5,2025-01-01T11:00:00,2025-01-01T11:19:00,2025-01-01T12:40:00,81,19,1,0
477,Misc,3,112,2,2025-01-08T01:00:00,2025-01-08T01:05:00,2025-01-08T04:14:00,189,5,1,0
478,Finance/Admin,5,107,4,2025-01-10T13:00:00,2025-01-10T13:04:00,2025-01-10T14:31:00,87,4,-1,0
479,Study,2,116,1,2025-01-07T15:00:00,2025-01-07T15:19:00,2025-01-07T18:15:00,176,19,1,1
480,Hobbies/Creative,4,60,2,2025-01-04T00:00:00,2025-01-04T00:12:00,2025-01-04T02:22:00,130,12,0,0
481,Health/Fitness,5,96,5,2025-01-09T01:00:00,2025-01-09T01:08:00,2025-01-09T02:56:00,108,8,1,1
482,Work,3,46,5,2025-01-07T20:00:00,2025-01-07T20:14:00,2025-01-07T21:03:00,49,14,1,0
483,Finance/Admin,3,102,1,2025-01-09T17:00:00,2025-01-09T17:12:00,2025-01-09T19:06:00,114,12,-1,1
484,Finance/Admin,1,50,4,2025-01-08T04:00:00,2025-01-08T04:16:00,2025-01-08T05:08:00,52,16,1,0
485,Work,3,60,2,2025-01-05T12:00:00,2025-01-05T12:12:00,2025-01-05T13:24:00,72,12,1,1
486,Hobbies/Creative,5,107,2,2025-01-09T12:00:00,2025-01-09T12:05:00,2025-01-09T14:38:00,153,5,0,0
487,Work,5,28,1,2025-01-04T04:00:00,2025-01-04T04:10:00,2025-01-04T04:54:00,44,10,-1,0
488,Work,4,84,3,2025-01-08T01:00:00,2025-01-08T01:06:00,2025-01-08T02:31:00,85,6,1,1
489,Finance/Admin,4,30,5,2025-01-07T02:00:00,2025-01-07T02:06:00,2025-01-07T02:24:00,18,6,1,0
490,Social,1,59,1,2025-01-06T19:00:00,2025-01-06T19:11:00,2025-01-06T20:39:00,88,11,-1,0
491,Hobbies/Creative,4,95,1,2025-01-04T16:00:00,2025-01-04T16:13:00,2025-01-04T19:04:00,171,13,1,1
492,Health/Fitness,1,51,1,2025-01-11T05:00:00,2025-01-11T05:15:00,2025-01-11T06:27:00,72,15,0,0
493,Misc,5,97,1,2025-01-04T16:00:00,2025-01-04T16:04:00,2025-01-04T17:54:00,110,4,1,0
494,Study,1,110,2,2025-01-08T20:00:00,2025-01-08T20:30:00,2025-01-08T23:25:00,175,30,-1,0
495,Misc,3,86,5,2025-01-09T17:00:00,2025-01-09T17:11:00,2025-01-09T18:28:00,77,11,1,1
496,Personal,3,36,3,2025-01-09T04:00:00,2025-01-09T04:14:00,2025-01-09T04:46:00,32,14,-1,0
497,Hobbies/Creative,4,54,5,2025-01-02T01:00:00,2025-01-02T01:07:00,2025-01-02T02:16:00,69,7,0,0
498,Misc,4,85,3,2025-01-01T23:00:00,2025-01-01T23:02:00,2025-01-02T00:40:00,98,2,0,0
499,Hobbies/Creative,2,52,1,2025-01-10T21:00:00,2025-01-10T21:27:00,2025-01-10T22:54:00,87,27,1,0
500,Health/Fitness,5,20,1,2025-01-10T12:00:00,2025-01-10T12:01:00,2025-01-10T12:24:00,23,1,-1,0
501,Work,4,66,4,2025-01-11T04:00:00,2025-01-11T04:17:00,2025-01-11T05:52:00,95,17,-1,0
502,Work,5,111,4,2025-01-03T18:00:00,2025-01-03T18:05:00,2025-01-03T19:46:00,101,5,0,0
503,Finance/Admin,3,54,1,2025-01-07T11:00:00,2025-01-07T11:17:00,2025-01-07T12:11:00,54,17,0,0
504,Work,2,48,5,2025-01-01T20:00:00,2025-01-01T20:22:00,2025-01-01T21:13:00,51,22,0,0
505,Misc,3,119,3,2025-01-04T20:00:00,2025-01-04T20:19:00,2025-01-04T22:21:00,122,19,-1,1
506,Work,3,45,3,2025-01-07T09:00:00,2025-01-07T09:20:00,2025-01-07T10:10:00,50,20,0,0
507,Misc,3,95,4,2025-01-09T14:00:00,2025-01-09T14:25:00,2025-01-09T15:43:00,78,25,-1,0
508,Personal,1,72,1,2025-01-03T20:00:00,2025-01-03T20:31:00,2025-01-03T21:59:00,88,31,1,1
509,Work,3,20,4,2025-01-10T10:00:00,2025-01-10T10:09:00,2025-01-10T10:27:00,18,9,1,1
510,Study,2,87,2,2025-01-05T20:00:00,2025-01-05T20:15:00,2025-01-05T22:39:00,144,15,0,0
511,Personal,3,31,1,2025-01-11T04:00:00,2025-01-11T04:16:00,2025-01-11T05:01:00,45,16,-1,1
512,Hobbies/Creative,4,115,1,2025-01-07T13:00:00,2025-01-07T13:08:00,2025-01-07T16:53:00,225,8,-1,0
513,Finance/Admin,1,95,5,2025-01-02T00:00:00,2025-01-02T00:31:00,2025-01-02T01:57:00,86,31,0,0
514,Health/Fitness,3,53,3,2025-01-11T06:00:00,2025-01-11T06:13:00,2025-01-11T07:16:00,63,13,0,1
515,Hobbies/Creative,4,54,2,2025-01-02T04:00:00,2025-01-02T04:12:00,2025-01-02T05:40:00,88,12,-1,0
516,Study,2,33,2,2025-01-06T04:00:00,2025-01-06T04:15:00,2025-01-06T05:00:00,45,15,0,1
517,Finance/Admin,1,88,3,2025-01-09T14:00:00,2025-01-09T14:23:00,2025-01-09T15:38:00,75,23,-1,1
518,Social,4,53,1,2025-01-02T08:00:00,2025-01-02T08:06:00,2025-01-02T09:32:00,86,6,-1,1
519,Work,2,61,2,2025-01-02T08:00:00,2025-01-02T08:09:00,2025-01-02T09:15:00,66,9,1,0
520,Hobbies/Creative,4,85,1,2025-01-08T14:00:00,2025-01-08T14:10:00,2025-01-08T16:39:00,149,10,0,1
521,Personal,1,71,4,2025-01-07T07:00:00,2025-01-07T07:31:00,2025-01-07T08:31:00,60,31,1,0
522,Study,4,33,2,2025-01-02T16:00:00,2025-01-02T16:15:00,2025-01-02T17:02:00,47,15,-1,0
523,Health/Fitness,2,45,4,2025-01-05T08:00:00,2025-01-05T08:15:00,2025-01-05T08:59:00,44,15,1,0
524,Social,1,22,1,2025-01-03T11:00:00,2025-01-03T11:24:00,2025-01-03T11:48:00,24,24,1,1
525,Personal,1,62,1,2025-01-01T19:00:00,2025-01-01T19:29:00,2025-01-01T20:55:00,86,29,0,0
526,Personal,5,75,4,2025-01-06T16:00:00,2025-01-06T16:01:00,2025-01-06T17:11:00,70,1,-1,1
527,Finance/Admin,2,65,2,2025-01-11T01:00:00,2025-01-11T01:19:00,2025-01-11T02:43:00,84,19,-1,1
528,Social,4,39,1,2025-01-07T22:00:00,2025-01-07T22:05:00,2025-01-07T23:04:00,59,5,1,0
529,Social,4,72,5,2025-01-06T11:00:00,2025-01-06T11:08:00,2025-01-06T12:33:00,85,8,-1,0
530,Social,4,37,4,2025-01-03T12:00:00,2025-01-03T12:12:00,2025-01-03T12:48:00,36,12,1,0
531,Work,4,120,3,2025-01-06T11:00:00,2025-01-06T11:13:00,2025-01-06T12:39:00,86,13,1,1
532,Hobbies/Creative,5,84,3,2025-01-05T12:00:00,2025-01-05T12:11:00,2025-01-05T13:46:00,95,11,0,0
533,Work,3,96,2,2025-01-01T16:00:00,2025-01-01T16:10:00,2025-01-01T17:59:00,109,10,0,0
534,Misc,5,65,5,2025-01-03T20:00:00,2025-01-03T20:00:00,2025-01-03T21:06:00,66,0,-1,0
535,Health/Fitness,2,54,5,2025-01-10T01:00:00,2025-01-10T01:14:00,2025-01-10T02:08:00,54,14,1,0
536,Health/Fitness,5,69,3,2025-01-11T08:00:00,2025-01-11T08:04:00,2025-01-11T09:16:00,72,4,-1,0
537,Health/Fitness,5,60,3,2025-01-11T02:00:00,2025-01-11T02:05:00,2025-01-11T03:05:00,60,5,1,0
538,Hobbies/Creative,5,92,2,2025-01-07T09:00:00,2025-01-07T09:10:00,2025-01-07T11:25:00,135,10,-1,1
539,Social,2,82,1,2025-01-02T08:00:00,2025-01-02T08:07:00,2025-01-02T09:54:00,107,7,-1,0
540,Health/Fitness,1,87,4,2025-01-01T09:00:00,2025-01-01T09:30:00,2025-01-01T10:47:00,77,30,0,0
541,Personal,3,111,2,2025-01-11T04:00:00,2025-01-11T04:10:00,2025-01-11T06:58:00,168,10,0,0
542,Work,2,95,2,2025-01-09T15:00:00,2025-01-09T15:15:00,2025-01-09T17:51:00,156,15,-1,1
543,Study,3,110,4,2025-01-07T15:00:00,2025-01-07T15:15:00,2025-01-07T17:19:00,124,15,-1,1
544,Social,3,37,2,2025-01-09T04:00:00,2025-01-09T04:19:00,2025-01-09T05:22:00,63,19,0,1
545,Hobbies/Creative,2,110,5,2025-01-08T18:00:00,2025-01-08T18:15:00,2025-01-08T20:20:00,125,15,1,1
546,Health/Fitness,5,42,4,2025-01-04T15:00:00,2025-01-04T15:04:00,2025-01-04T15:41:00,37,4,1,1
547,Personal,2,113,1,2025-01-08T20:00:00,2025-01-08T20:21:00,2025-01-08T22:37:00,136,21,1,1
548,Work,2,97,3,2025-01-11T04:00:00,2025-01-11T04:21:00,2025-01-11T06:40:00,139,21,1,0
549,Study,4,38,3,2025-01-09T07:00:00,2025-01-09T07:09:00,2025-01-09T07:43:00,34,9,-1,0
550,Hobbies/Creative,3,41,1,2025-01-10T03:00:00,2025-01-10T03:18:00,2025-01-10T04:37:00,79,18,1,1
551,Misc,1,53,2,2025-01-04T00:00:00,2025-01-04T00:26:00,2025-01-04T01:20:00,54,26,1,0
552,Hobbies/Creative,3,120,1,2025-01-09T01:00:00,2025-01-09T01:25:00,2025-01-09T05:05:00,220,25,-1,0
553,Finance/Admin,4,113,4,2025-01-03T03:00:00,2025-01-03T03:15:00,2025-01-03T04:40:00,85,15,0,1
554,Finance/Admin,3,89,4,2025-01-02T10:00:00,2025-01-02T10:16:00,2025-01-02T11:11:00,55,16,0,0
555,Personal,4,29,1,2025-01-04T12:00:00,2025-01-04T12:05:00,2025-01-04T12:52:00,47,5,-1,1
556,Social,1,29,3,2025-01-03T04:00:00,2025-01-03T04:19:00,2025-01-03T05:00:00,41,19,0,0
557,Study,5,31,3,2025-01-07T17:00:00,2025-01-07T17:10:00,2025-01-07T17:49:00,39,10,1,1
558,Work,4,103,2,2025-01-07T20:00:00,2025-01-07T20:09:00,2025-01-07T22:30:00,141,9,0,0
559,Work,1,62,2,2025-01-03T09:00:00,2025-01-03T09:35:00,2025-01-03T10:56:00,81,35,0,1
560,Social,3,50,1,2025-01-01T21:00:00,2025-01-01T21:14:00,2025-01-01T22:31:00,77,14,0,1
561,Personal,1,66,1,2025-01-05T22:00:00,2025-01-05T22:27:00,2025-01-06T00:26:00,119,27,-1,1
562,Misc,2,32,1,2025-01-03T13:00:00,2025-01-03T13:20:00,2025-01-03T13:53:00,33,20,-1,1
563,Study,4,34,3,2025-01-09T17:00:00,2025-01-09T17:18:00,2025-01-09T17:53:00,35,18,0,1
564,Misc,3,31,5,2025-01-05T12:00:00,2025-01-05T12:14:00,2025-01-05T12:41:00,27,14,-1,1
565,Finance/Admin,3,43,4,2025-01-01T20:00:00,2025-01-01T20:12:00,2025-01-01T20:44:00,32,12,0,1
566,Misc,3,48,3,2025-01-07T09:00:00,2025-01-07T09:14:00,2025-01-07T10:04:00,50,14,-1,0
567,Study,1,105,3,2025-01-09T23:00:00,2025-01-09T23:30:00,2025-01-10T02:09:00,159,30,1,1
568,Health/Fitness,5,27,4,2025-01-10T02:00:00,2025-01-10T02:03:00,2025-01-10T02:32:00,29,3,1,1
569,Misc,5,50,4,2025-01-04T13:00:00,2025-01-04T13:12:00,2025-01-04T13:54:00,42,12,-1,1
570,Work,5,93,5,2025-01-09T21:00:00,2025-01-09T21:08:00,2025-01-09T22:47:00,99,8,1,0
571,Study,4,42,2,2025-01-03T15:00:00,2025-01-03T15:07:00,2025-01-03T16:17:00,70,7,-1,0
572,Work,4,30,4,2025-01-03T12:00:00,2025-01-03T12:08:00,2025-01-03T12:38:00,30,8,1,0
573,Social,3,113,1,2025-01-02T07:00:00,2025-01-02T07:11:00,2025-01-02T09:47:00,156,11,0,1
574,Hobbies/Creative,3,86,4,2025-01-11T03:00:00,2025-01-11T03:06:00,2025-01-11T04:55:00,109,6,-1,1
575,Study,4,39,2,2025-01-07T10:00:00,2025-01-07T10:18:00,2025-01-07T11:08:00,50,18,1,0
576,Study,5,119,1,2025-01-09T18:00:00,2025-01-09T18:00:00,2025-01-09T20:07:00,127,0,0,1
577,Finance/Admin,3,69,4,2025-01-07T11:00:00,2025-01-07T11:09:00,2025-01-07T11:50:00,41,9,1,1
578,Work,2,55,4,2025-01-02T21:00:00,2025-01-02T21:26:00,2025-01-02T22:27:00,61,26,1,1
579,Work,4,62,2,2025-01-01T21:00:00,2025-01-01T21:04:00,2025-01-01T22:47:00,103,4,1,1
580,Social,3,22,3,2025-01-10T02:00:00,2025-01-10T02:18:00,2025-01-10T02:47:00,29,18,0,1
581,Social,4,109,1,2025-01-10T15:00:00,2025-01-10T15:00:00,2025-01-10T18:11:00,191,0,-1,0
582,Social,4,119,3,2025-01-04T05:00:00,2025-01-04T05:00:00,2025-01-04T07:24:00,144,0,1,1
583,Study,2,76,2,2025-01-11T02:00:00,2025-01-11T02:23:00,2025-01-11T05:29:00,186,23,0,1
584,Hobbies/Creative,1,85,2,2025-01-02T01:00:00,2025-01-02T01:29:00,2025-01-02T04:18:00,169,29,0,1
585,Personal,5,92,1,2025-01-03T05:00:00,2025-01-03T05:08:00,2025-01-03T07:34:00,146,8,-1,0
586,Work,2,24,4,2025-01-01T21:00:00,2025-01-01T21:21:00,2025-01-01T21:45:00,24,21,0,0
587,Social,3,79,5,2025-01-05T14:00:00,2025-01-05T14:13:00,2025-01-05T15:42:00,89,13,1,0
588,Work,2,67,4,2025-01-07T17:00:00,2025-01-07T17:12:00,2025-01-07T18:16:00,64,12,0,0
589,Misc,5,90,3,2025-01-05T01:00:00,2025-01-05T01:00:00,2025-01-05T02:57:00,117,0,-1,1
590,Study,3,23,4,2025-01-01T21:00:00,2025-01-01T21:07:00,2025-01-01T21:28:00,21,7,-1,0
591,Health/Fitness,2,106,2,2025-01-04T05:00:00,2025-01-04T05:18:00,2025-01-04T08:14:00,176,18,1,1
592,Work,1,80,2,2025-01-08T06:00:00,2025-01-08T06:26:00,2025-01-08T08:08:00,102,26,-1,0
593,Health/Fitness,3,97,3,2025-01-08T23:00:00,2025-01-08T23:07:00,2025-01-09T01:03:00,116,7,1,1
594,Finance/Admin,4,64,4,2025-01-04T01:00:00,2025-01-04T01:03:00,2025-01-04T02:02:00,59,3,-1,1
595,Social,5,99,4,2025-01-07T14:00:00,2025-01-07T14:08:00,2025-01-07T15:38:00,90,8,-1,0
596,Hobbies/Creative,5,102,5,2025-01-07T20:00:00,2025-01-07T20:05:00,2025-01-07T21:45:00,100,5,0,1
597,Study,4,28,3,2025-01-04T07:00:00,2025-01-04T07:05:00,2025-01-04T07:43:00,38,5,1,1
598,Social,3,103,3,2025-01-03T09:00:00,2025-01-03T09:03:00,2025-01-03T11:07:00,124,3,-1,0
599,Work,5,71,3,2025-01-08T15:00:00,2025-01-08T15:04:00,2025-01-08T16:27:00,83,4,-1,0
600,Misc,3,53,4,2025-01-05T16:00:00,2025-01-05T16:14:00,2025-01-05T17:15:00,61,14,0,0
601,Health/Fitness,3,112,2,2025-01-08T16:00:00,2025-01-08T16:13:00,2025-01-08T18:07:00,114,13,1,1
602,Hobbies/Creative,5,58,2,2025-01-10T08:00:00,2025-01-10T08:05:00,2025-01-10T09:41:00,96,5,1,0
603,Social,1,80,2,2025-01-09T06:00:00,2025-01-09T06:21:00,2025-01-09T08:34:00,133,21,0,0
604,Hobbies/Creative,1,48,3,2025-01-03T18:00:00,2025-01-03T18:16:00,2025-01-03T19:13:00,57,16,1,1
605,Finance/Admin,3,67,3,2025-01-07T14:00:00,2025-01-07T14:04:00,2025-01-07T15:08:00,64,4,0,1
606,Study,4,26,5,2025-01-07T13:00:00,2025-01-07T13:01:00,2025-01-07T13:26:00,25,1,1,0
607,Misc,2,84,1,2025-01-10T15:00:00,2025-01-10T15:12:00,2025-01-10T17:03:00,111,12,1,1
608,Social,4,26,2,2025-01-02T20:00:00,2025-01-02T20:07:00,2025-01-02T20:48:00,41,7,-1,1
609,Finance/Admin,5,78,2,2025-01-04T17:00:00,2025-01-04T17:00:00,2025-01-04T18:25:00,85,0,1,0
610,Study,4,62,2,2025-01-04T17:00:00,2025-01-04T17:03:00,2025-01-04T19:06:00,123,3,1,0
611,Work,4,55,2,2025-01-09T11:00:00,2025-01-09T11:01:00,2025-01-09T12:16:00,75,1,-1,0
612,Misc,1,36,5,2025-01-06T00:00:00,2025-01-06T00:24:00,2025-01-06T01:04:00,40,24,1,1
613,Finance/Admin,4,81,4,2025-01-01T10:00:00,2025-01-01T10:07:00,2025-01-01T11:04:00,57,7,-1,0
614,Hobbies/Creative,1,61,5,2025-01-03T09:00:00,2025-01-03T09:21:00,2025-01-03T10:31:00,70,21,-1,0
615,Health/Fitness,2,108,3,2025-01-04T16:00:00,2025-01-04T16:22:00,2025-01-04T18:37:00,135,22,-1,0
616,Finance/Admin,5,95,3,2025-01-03T03:00:00,2025-01-03T03:01:00,2025-01-03T04:17:00,76,1,-1,0
617,Social,3,78,5,2025-01-07T17:00:00,2025-01-07T17:12:00,2025-01-07T18:57:00,105,12,1,1
618,Finance/Admin,2,63,4,2025-01-05T04:00:00,2025-01-05T04:12:00,2025-01-05T05:23:00,71,12,-1,0
619,Finance/Admin,1,49,2,2025-01-09T03:00:00,2025-01-09T03:31:00,2025-01-09T04:23:00,52,31,-1,0
620,Work,5,84,2,2025-01-02T16:00:00,2025-01-02T16:08:00,2025-01-02T18:20:00,132,8,0,0
621,Finance/Admin,3,118,5,2025-01-08T00:00:00,2025-01-08T00:10:00,2025-01-08T01:49:00,99,10,-1,0
622,Study,1,26,1,2025-01-05T19:00:00,2025-01-05T19:17:00,2025-01-05T19:53:00,36,17,0,1
623,Study,5,52,4,2025-01-08T20:00:00,2025-01-08T20:01:00,2025-01-08T20:48:00,47,1,-1,0
624,Work,3,73,1,2025-01-08T10:00:00,2025-01-08T10:13:00,2025-01-08T11:40:00,87,13,1,1
625,Personal,4,33,5,2025-01-09T01:00:00,2025-01-09T01:10:00,2025-01-09T01:38:00,28,10,1,0
626,Social,1,120,1,2025-01-06T16:00:00,2025-01-06T16:22:00,2025-01-06T19:24:00,182,22,-1,0
627,Social,5,45,3,2025-01-08T21:00:00,2025-01-08T21:00:00,2025-01-08T21:54:00,54,0,0,1
628,Personal,1,90,4,2025-01-11T02:00:00,2025-01-11T02:28:00,2025-01-11T03:59:00,91,28,-1,1
629,Hobbies/Creative,2,20,1,2025-01-08T12:00:00,2025-01-08T12:27:00,2025-01-08T12:59:00,32,27,-1,0
630,Misc,2,31,5,2025-01-02T04:00:00,2025-01-02T04:12:00,2025-01-02T04:45:00,33,12,1,0
631,Social,2,78,3,2025-01-04T04:00:00,2025-01-04T04:20:00,2025-01-04T06:19:00,119,20,0,0
632,Study,2,25,3,2025-01-05T05:00:00,2025-01-05T05:20:00,2025-01-05T05:55:00,35,20,1,1
633,Finance/Admin,1,32,1,2025-01-01T11:00:00,2025-01-01T11:22:00,2025-01-01T11:47:00,25,22,-1,0
634,Hobbies/Creative,3,76,5,2025-01-04T05:00:00,2025-01-04T05:12:00,2025-01-04T06:56:00,104,12,1,0
635,Hobbies/Creative,3,43,1,2025-01-05T15:00:00,2025-01-05T15:08:00,2025-01-05T16:32:00,84,8,0,1
636,Social,4,108,4,2025-01-09T21:00:00,2025-01-09T21:15:00,2025-01-09T23:14:00,119,15,0,0
637,Study,2,109,1,2025-01-10T09:00:00,2025-01-10T09:10:00,2025-01-10T11:41:00,151,10,-1,0
638,Finance/Admin,5,81,5,2025-01-08T14:00:00,2025-01-08T14:12:00,2025-01-08T15:11:00,59,12,0,0
639,Finance/Admin,3,98,1,2025-01-10T13:00:00,2025-01-10T13:26:00,2025-01-10T15:04:00,98,26,1,0
640,Misc,4,34,4,2025-01-06T01:00:00,2025-01-06T01:10:00,2025-01-06T01:45:00,35,10,-1,0
641,Social,3,21,5,2025-01-09T13:00:00,2025-01-09T13:13:00,2025-01-09T13:34:00,21,13,1,0
642,Hobbies/Creative,5,86,5,2025-01-02T09:00:00,2025-01-02T09:09:00,2025-01-02T11:01:00,112,9,0,0
643,Misc,3,104,4,2025-01-02T23:00:00,2025-01-02T23:08:00,2025-01-03T00:42:00,94,8,1,0
644,Work,2,84,4,2025-01-10T11:00:00,2025-01-10T11:05:00,2025-01-10T12:33:00,88,5,0,0
645,Study,4,61,2,2025-01-04T21:00:00,2025-01-04T21:02:00,2025-01-04T22:13:00,71,2,0,0
646,Health/Fitness,5,102,4,2025-01-05T16:00:00,2025-01-05T16:07:00,2025-01-05T18:05:00,118,7,-1,0
647,Misc,4,93,4,2025-01-02T07:00:00,2025-01-02T07:08:00,2025-01-02T08:40:00,92,8,0,1
648,Hobbies/Creative,1,83,1,2025-01-02T11:00:00,2025-01-02T11:21:00,2025-01-02T13:28:00,127,21,0,1
649,Work,5,90,1,2025-01-10T04:00:00,2025-01-10T04:10:00,2025-01-10T06:27:00,137,10,-1,1
650,Health/Fitness,4,63,3,2025-01-10T04:00:00,2025-01-10T04:10:00,2025-01-10T05:20:00,70,10,-1,0
651,Misc,3,91,5,2025-01-07T18:00:00,2025-01-07T18:08:00,2025-01-07T19:39:00,91,8,0,1
652,Misc,1,32,2,2025-01-01T09:00:00,2025-01-01T09:19:00,2025-01-01T09:53:00,34,19,0,1
653,Social,5,86,3,2025-01-08T20:00:00,2025-01-08T20:08:00,2025-01-08T21:36:00,88,8,-1,0
654,Personal,4,37,4,2025-01-02T12:00:00,2025-01-02T12:09:00,2025-01-02T12:42:00,33,9,0,0
655,Health/Fitness,1,70,2,2025-01-06T06:00:00,2025-01-06T06:27:00,2025-01-06T08:02:00,95,27,-1,1
656,Study,4,25,5,2025-01-02T16:00:00,2025-01-02T16:08:00,2025-01-02T16:37:00,29,8,0,1
657,Personal,4,20,5,2025-01-09T05:00:00,2025-01-09T05:17:00,2025-01-09T05:40:00,23,17,-1,1
658,Misc,5,119,2,2025-01-08T18:00:00,2025-01-08T18:05:00,2025-01-08T20:05:00,120,5,1,0
659,Personal,1,69,5,2025-01-07T20:00:00,2025-01-07T20:14:00,2025-01-07T21:13:00,59,14,0,1
660,Finance/Admin,5,108,2,2025-01-04T07:00:00,2025-01-04T07:01:00,2025-01-04T08:52:00,111,1,0,1
661,Social,4,37,2,2025-01-05T18:00:00,2025-01-05T18:09:00,2025-01-05T19:08:00,59,9,1,1
662,Hobbies/Creative,5,100,2,2025-01-03T12:00:00,2025-01-03T12:04:00,2025-01-03T14:49:00,165,4,-1,1
663,Hobbies/Creative,2,110,2,2025-01-06T17:00:00,2025-01-06T17:17:00,2025-01-06T19:27:00,130,17,1,1
664,Study,3,91,4,2025-01-07T14:00:00,2025-01-07T14:07:00,2025-01-07T15:43:00,96,7,1,1
665,Social,4,21,5,2025-01-02T12:00:00,2025-01-02T12:01:00,2025-01-02T12:24:00,23,1,-1,1
666,Personal,1,105,1,2025-01-03T12:00:00,2025-01-03T12:30:00,2025-01-03T14:54:00,144,30,0,0
667,Social,3,38,1,2025-01-08T17:00:00,2025-01-08T17:11:00,2025-01-08T18:12:00,61,11,0,0
668,Work,3,77,1,2025-01-07T22:00:00,2025-01-07T22:13:00,2025-01-08T00:10:00,117,13,1,0
669,Finance/Admin,2,85,3,2025-01-08T18:00:00,2025-01-08T18:13:00,2025-01-08T19:18:00,65,13,1,0
670,Finance/Admin,4,73,3,2025-01-07T06:00:00,2025-01-07T06:06:00,2025-01-07T07:17:00,71,6,-1,0
671,Social,2,99,4,2025-01-10T05:00:00,2025-01-10T05:17:00,2025-01-10T07:20:00,123,17,-1,1
672,Health/Fitness,2,57,4,2025-01-03T06:00:00,2025-01-03T06:19:00,2025-01-03T07:22:00,63,19,1,0
673,Personal,2,114,5,2025-01-02T15:00:00,2025-01-02T15:22:00,2025-01-02T16:46:00,84,22,0,0
674,Finance/Admin,3,91,3,2025-01-02T18:00:00,2025-01-02T18:00:00,2025-01-02T19:20:00,80,0,-1,1
675,Work,3,79,2,2025-01-01T19:00:00,2025-01-01T19:04:00,2025-01-01T20:45:00,101,4,-1,1
676,Work,5,104,3,2025-01-06T14:00:00,2025-01-06T14:00:00,2025-01-06T15:29:00,89,0,1,1
677,Study,3,87,2,2025-01-03T08:00:00,2025-01-03T08:16:00,2025-01-03T10:32:00,136,16,1,0
678,Personal,4,89,5,2025-01-05T16:00:00,2025-01-05T16:05:00,2025-01-05T17:05:00,60,5,-1,1
679,Health/Fitness,2,104,3,2025-01-04T21:00:00,2025-01-04T21:13:00,2025-01-04T23:00:00,107,13,0,1
680,Health/Fitness,5,87,4,2025-01-07T08:00:00,2025-01-07T08:00:00,2025-01-07T09:12:00,72,0,1,0
681,Study,3,77,2,2025-01-11T00:00:00,2025-01-11T00:12:00,2025-01-11T02:48:00,156,12,1,0
682,Work,3,68,1,2025-01-05T11:00:00,2025-01-05T11:13:00,2025-01-05T12:40:00,87,13,0,1
683,Work,5,118,3,2025-01-06T20:00:00,2025-01-06T20:12:00,2025-01-06T22:19:00,127,12,1,1
684,Misc,1,57,2,2025-01-04T19:00:00,2025-01-04T19:20:00,2025-01-04T20:26:00,66,20,1,0
685,Study,2,118,5,2025-01-07T01:00:00,2025-01-07T01:14:00,2025-01-07T03:30:00,136,14,-1,0
686,Health/Fitness,2,107,4,2025-01-10T06:00:00,2025-01-10T06:15:00,2025-01-10T08:20:00,125,15,-1,0
687,Finance/Admin,1,115,2,2025-01-01T15:00:00,2025-01-01T15:12:00,2025-01-01T16:41:00,89,12,0,1
688,Work,1,29,1,2025-01-03T06:00:00,2025-01-03T06:29:00,2025-01-03T07:13:00,44,29,0,0
689,Health/Fitness,3,72,4,2025-01-06T04:00:00,2025-01-06T04:08:00,2025-01-06T05:26:00,78,8,1,1
690,Finance/Admin,3,22,4,2025-01-08T13:00:00,2025-01-08T13:09:00,2025-01-08T13:28:00,19,9,-1,0
691,Study,5,25,1,2025-01-05T04:00:00,2025-01-05T04:09:00,2025-01-05T04:53:00,44,9,1,0
692,Social,3,97,1,2025-01-04T09:00:00,2025-01-04T09:25:00,2025-01-04T11:41:00,136,25,0,1
693,Finance/Admin,1,80,2,2025-01-07T01:00:00,2025-01-07T01:25:00,2025-01-07T03:00:00,95,25,-1,0
694,Finance/Admin,5,57,2,2025-01-04T13:00:00,2025-01-04T13:12:00,2025-01-04T14:23:00,71,12,1,1
695,Work,5,91,2,2025-01-02T16:00:00,2025-01-02T16:05:00,2025-01-02T17:54:00,109,5,-1,0
696,Finance/Admin,5,90,1,2025-01-04T15:00:00,2025-01-04T15:07:00,2025-01-04T16:34:00,87,7,-1,1
697,Health/Fitness,4,102,5,2025-01-02T21:00:00,2025-01-02T21:21:00,2025-01-02T22:44:00,83,21,-1,0
698,Health/Fitness,5,52,2,2025-01-02T14:00:00,2025-01-02T14:02:00,2025-01-02T14:59:00,57,2,-1,0
699,Misc,5,29,3,2025-01-08T12:00:00,2025-01-08T12:00:00,2025-01-08T12:25:00,25,0,-1,1
700,Study,2,112,5,2025-01-06T13:00:00,2025-01-06T13:24:00,2025-01-06T15:15:00,111,24,0,1
701,Personal,2,32,3,2025-01-07T23:00:00,2025-01-07T23:10:00,2025-01-07T23:50:00,40,10,-1,0
702,Hobbies/Creative,4,77,3,2025-01-07T22:00:00,2025-01-07T22:16:00,2025-01-08T00:26:00,130,16,1,1
703,Personal,5,92,3,2025-01-09T23:00:00,2025-01-09T23:10:00,2025-01-10T00:50:00,100,10,0,1
704,Personal,1,60,2,2025-01-09T18:00:00,2025-01-09T18:12:00,2025-01-09T19:36:00,84,12,-1,1
705,Social,3,37,3,2025-01-10T17:00:00,2025-01-10T17:11:00,2025-01-10T17:52:00,41,11,0,1
706,Misc,3,119,3,2025-01-06T13:00:00,2025-01-06T13:20:00,2025-01-06T15:26:00,126,20,1,0
707,Personal,5,30,3,2025-01-10T12:00:00,2025-01-10T12:07:00,2025-01-10T12:44:00,37,7,-1,0
708,Social,1,113,1,2025-01-10T21:00:00,2025-01-10T21:17:00,2025-01-11T00:10:00,173,17,-1,0
709,Finance/Admin,5,47,1,2025-01-07T06:00:00,2025-01-07T06:05:00,2025-01-07T07:00:00,55,5,0,1
710,Personal,3,70,2,2025-01-10T21:00:00,2025-01-10T21:22:00,2025-01-10T22:51:00,89,22,1,1
711,Personal,4,84,5,2025-01-02T08:00:00,2025-01-02T08:12:00,2025-01-02T09:37:00,85,12,0,1
712,Work,2,98,2,2025-01-09T10:00:00,2025-01-09T10:14:00,2025-01-09T12:10:00,116,14,1,0
713,Misc,2,42,5,2025-01-07T09:00:00,2025-01-07T09:10:00,2025-01-07T09:38:00,28,10,1,0
714,Misc,3,25,2,2025-01-09T11:00:00,2025-01-09T11:25:00,2025-01-09T11:51:00,26,25,0,0
715,Study,3,67,2,2025-01-01T19:00:00,2025-01-01T19:11:00,2025-01-01T20:44:00,93,11,1,0
716,Hobbies/Creative,4,80,4,2025-01-10T18:00:00,2025-01-10T18:10:00,2025-01-10T19:52:00,102,10,-1,0
717,Hobbies/Creative,1,110,5,2025-01-08T03:00:00,2025-01-08T03:26:00,2025-01-08T05:49:00,143,26,0,1
718,Personal,4,103,4,2025-01-05T06:00:00,2025-01-05T06:07:00,2025-01-05T08:13:00,126,7,1,0
719,Social,4,48,5,2025-01-05T16:00:00,2025-01-05T16:07:00,2025-01-05T17:12:00,65,7,0,1
720,Misc,4,97,1,2025-01-06T17:00:00,2025-01-06T17:11:00,2025-01-06T19:17:00,126,11,-1,1
721,Personal,2,29,5,2025-01-08T05:00:00,2025-01-08T05:20:00,2025-01-08T05:55:00,35,20,0,0
722,Personal,2,40,3,2025-01-07T19:00:00,2025-01-07T19:18:00,2025-01-07T19:51:00,33,18,1,0
723,Health/Fitness,4,62,1,2025-01-06T12:00:00,2025-01-06T12:11:00,2025-01-06T13:12:00,61,11,1,1
724,Misc,2,95,2,2025-01-08T06:00:00,2025-01-08T06:13:00,2025-01-08T08:39:00,146,13,0,0
725,Health/Fitness,1,36,5,2025-01-07T16:00:00,2025-01-07T16:28:00,2025-01-07T16:57:00,29,28,-1,0
726,Work,5,38,1,2025-01-03T03:00:00,2025-01-03T03:06:00,2025-01-03T04:18:00,72,6,0,0
727,Finance/Admin,5,92,1,2025-01-10T17:00:00,2025-01-10T17:06:00,2025-01-10T19:01:00,115,6,1,1
728,Study,2,77,5,2025-01-06T09:00:00,2025-01-06T09:20:00,2025-01-06T10:25:00,65,20,0,0
729,Health/Fitness,4,96,2,2025-01-09T20:00:00,2025-01-09T20:13:00,2025-01-09T22:01:00,108,13,1,0
730,Social,2,112,3,2025-01-11T05:00:00,2025-01-11T05:24:00,2025-01-11T08:27:00,183,24,0,0
731,Health/Fitness,4,69,2,2025-01-02T12:00:00,2025-01-02T12:08:00,2025-01-02T13:11:00,63,8,-1,0
732,Finance/Admin,2,97,1,2025-01-03T06:00:00,2025-01-03T06:15:00,2025-01-03T07:55:00,100,15,0,0
733,Study,1,81,2,2025-01-10T23:00:00,2025-01-10T23:17:00,2025-01-11T01:46:00,149,17,1,0
734,Finance/Admin,5,73,3,2025-01-10T16:00:00,2025-01-10T16:15:00,2025-01-10T17:16:00,61,15,-1,1
735,Health/Fitness,4,118,4,2025-01-05T02:00:00,2025-01-05T02:01:00,2025-01-05T04:13:00,132,1,1,0
736,Finance/Admin,2,52,4,2025-01-09T13:00:00,2025-01-09T13:24:00,2025-01-09T13:58:00,34,24,-1,0
737,Social,5,89,4,2025-01-04T02:00:00,2025-01-04T02:04:00,2025-01-04T04:05:00,121,4,-1,0
738,Work,5,86,1,2025-01-06T22:00:00,2025-01-06T22:00:00,2025-01-07T00:26:00,146,0,-1,1
739,Health/Fitness,3,72,3,2025-01-02T12:00:00,2025-01-02T12:12:00,2025-01-02T13:20:00,68,12,-1,1
740,Social,3,88,4,2025-01-07T09:00:00,2025-01-07T09:07:00,2025-01-07T10:33:00,86,7,0,1
741,Finance/Admin,2,72,5,2025-01-09T17:00:00,2025-01-09T17:21:00,2025-01-09T18:10:00,49,21,1,1
742,Personal,3,91,5,2025-01-06T12:00:00,2025-01-06T12:23:00,2025-01-06T13:40:00,77,23,0,1
743,Hobbies/Creative,4,114,2,2025-01-10T11:00:00,2025-01-10T11:10:00,2025-01-10T14:27:00,197,10,1,0
744,Health/Fitness,4,120,2,2025-01-02T10:00:00,2025-01-02T10:00:00,2025-01-02T11:42:00,102,0,-1,1
745,Hobbies/Creative,5,98,1,2025-01-03T02:00:00,2025-01-03T02:00:00,2025-01-03T05:31:00,211,0,0,0
746,Study,2,80,5,2025-01-06T00:00:00,2025-01-06T00:13:00,2025-01-06T02:28:00,135,13,-1,0
747,Social,2,67,1,2025-01-07T20:00:00,2025-01-07T20:13:00,2025-01-07T21:47:00,94,13,-1,1
748,Finance/Admin,5,103,5,2025-01-04T10:00:00,2025-01-04T10:14:00,2025-01-04T11:55:00,101,14,1,0
749,Personal,4,76,1,2025-01-03T12:00:00,2025-01-03T12:21:00,2025-01-03T14:05:00,104,21,1,1
750,Health/Fitness,1,120,5,2025-01-06T19:00:00,2025-01-06T19:27:00,2025-01-06T21:11:00,104,27,1,0
751,Personal,1,66,2,2025-01-08T08:00:00,2025-01-08T08:25:00,2025-01-08T09:38:00,73,25,-1,0
752,Study,3,119,4,2025-01-05T03:00:00,2025-01-05T03:08:00,2025-01-05T05:57:00,169,8,1,1
753,Finance/Admin,5,45,5,2025-01-01T12:00:00,2025-01-01T12:03:00,2025-01-01T12:33:00,30,3,1,0
754,Study,5,56,5,2025-01-11T03:00:00,2025-01-11T03:09:00,2025-01-11T04:37:00,88,9,1,1
755,Hobbies/Creative,3,48,5,2025-01-03T10:00:00,2025-01-03T10:13:00,2025-01-03T11:19:00,66,13,0,1
756,Work,3,42,4,2025-01-06T18:00:00,2025-01-06T18:06:00,2025-01-06T18:46:00,40,6,-1,0
757,Social,3,34,5,2025-01-04T02:00:00,2025-01-04T02:08:00,2025-01-04T02:44:00,36,8,1,1
758,Misc,4,92,4,2025-01-09T14:00:00,2025-01-09T14:08:00,2025-01-09T15:29:00,81,8,-1,1
759,Misc,4,95,1,2025-01-06T12:00:00,2025-01-06T12:18:00,2025-01-06T14:20:00,122,18,-1,1
760,Study,4,101,2,2025-01-08T14:00:00,2025-01-08T14:02:00,2025-01-08T16:59:00,177,2,1,0
761,Hobbies/Creative,4,65,5,2025-01-07T02:00:00,2025-01-07T02:16:00,2025-01-07T03:53:00,97,16,-1,1
762,Health/Fitness,3,31,4,2025-01-08T13:00:00,2025-01-08T13:11:00,2025-01-08T13:33:00,22,11,1,1
763,Study,5,42,4,2025-01-04T17:00:00,2025-01-04T17:02:00,2025-01-04T17:58:00,56,2,0,0
764,Social,2,115,2,2025-01-06T16:00:00,2025-01-06T16:28:00,2025-01-06T19:36:00,188,28,1,0
765,Health/Fitness,2,53,2,2025-01-03T19:00:00,2025-01-03T19:14:00,2025-01-03T20:03:00,49,14,-1,0
766,Hobbies/Creative,2,119,1,2025-01-02T15:00:00,2025-01-02T15:17:00,2025-01-02T17:43:00,146,17,-1,1
767,Work,5,25,4,2025-01-05T08:00:00,2025-01-05T08:06:00,2025-01-05T08:32:00,26,6,1,1
768,Misc,5,55,4,2025-01-03T07:00:00,2025-01-03T07:02:00,2025-01-03T07:42:00,40,2,1,1
769,Finance/Admin,2,116,5,2025-01-02T17:00:00,2025-01-02T17:20:00,2025-01-02T18:38:00,78,20,-1,1
770,Misc,5,24,5,2025-01-05T01:00:00,2025-01-05T01:00:00,2025-01-05T01:18:00,18,0,0,0
771,Misc,1,109,5,2025-01-06T06:00:00,2025-01-06T06:20:00,2025-01-06T08:42:00,142,20,0,0
772,Work,2,68,5,2025-01-02T10:00:00,2025-01-02T10:26:00,2025-01-02T11:29:00,63,26,0,1
773,Social,2,90,3,2025-01-03T21:00:00,2025-01-03T21:13:00,2025-01-03T23:02:00,109,13,0,1
774,Hobbies/Creative,3,43,4,2025-01-05T21:00:00,2025-01-05T21:07:00,2025-01-05T22:04:00,57,7,-1,1
775,Hobbies/Creative,3,71,3,2025-01-06T04:00:00,2025-01-06T04:17:00,2025-01-06T06:24:00,127,17,-1,0
776,Health/Fitness,1,112,3,2025-01-09T22:00:00,2025-01-09T22:20:00,2025-01-10T00:18:00,118,20,-1,1
777,Finance/Admin,2,38,2,2025-01-06T10:00:00,2025-01-06T10:11:00,2025-01-06T10:43:00,32,11,-1,0
778,Finance/Admin,4,37,5,2025-01-07T01:00:00,2025-01-07T01:07:00,2025-01-07T01:40:00,33,7,1,1
779,Misc,3,52,5,2025-01-10T12:00:00,2025-01-10T12:18:00,2025-01-10T13:00:00,42,18,1,0
780,Finance/Admin,1,108,2,2025-01-02T00:00:00,2025-01-02T00:29:00,2025-01-02T02:29:00,120,29,-1,1
781,Misc,1,77,3,2025-01-04T03:00:00,2025-01-04T03:20:00,2025-01-04T04:52:00,92,20,0,1
782,Social,3,22,4,2025-01-02T16:00:00,2025-01-02T16:00:00,2025-01-02T16:25:00,25,0,0,0
783,Personal,3,65,3,2025-01-08T13:00:00,2025-01-08T13:17:00,2025-01-08T14:19:00,62,17,1,1
784,Misc,1,68,5,2025-01-04T10:00:00,2025-01-04T10:21:00,2025-01-04T11:32:00,71,21,0,0
785,Personal,3,73,5,2025-01-07T11:00:00,2025-01-07T11:03:00,2025-01-07T12:04:00,61,3,0,0
786,Study,2,63,2,2025-01-04T17:00:00,2025-01-04T17:21:00,2025-01-04T18:45:00,84,21,0,1
787,Social,5,102,4,2025-01-04T06:00:00,2025-01-04T06:06:00,2025-01-04T08:02:00,116,6,0,1
788,Misc,4,41,2,2025-01-10T11:00:00,2025-01-10T11:11:00,2025-01-10T11:59:00,48,11,-1,0
789,Health/Fitness,3,115,1,2025-01-03T14:00:00,2025-01-03T14:03:00,2025-01-03T16:24:00,141,3,-1,1
790,Study,1,28,4,2025-01-07T05:00:00,2025-01-07T05:16:00,2025-01-07T05:48:00,32,16,-1,0
791,Finance/Admin,5,117,1,2025-01-02T11:00:00,2025-01-02T11:06:00,2025-01-02T13:13:00,127,6,0,0
792,Study,4,59,2,2025-01-04T00:00:00,2025-01-04T00:02:00,2025-01-04T01:54:00,112,2,1,1
793,Misc,2,36,5,2025-01-10T07:00:00,2025-01-10T07:19:00,2025-01-10T07:54:00,35,19,-1,0
794,Work,3,61,4,2025-01-06T08:00:00,2025-01-06T08:14:00,2025-01-06T09:11:00,57,14,1,1
795,Misc,2,109,5,2025-01-03T06:00:00,2025-01-03T06:12:00,2025-01-03T08:10:00,118,12,1,1
796,Finance/Admin,5,101,5,2025-01-04T16:00:00,2025-01-04T16:00:00,2025-01-04T16:51:00,51,0,0,1
797,Health/Fitness,1,76,3,2025-01-05T06:00:00,2025-01-05T06:23:00,2025-01-05T08:03:00,100,23,0,1
798,Personal,3,21,1,2025-01-06T22:00:00,2025-01-06T22:00:00,2025-01-06T22:26:00,26,0,-1,1
799,Social,4,88,1,2025-01-08T17:00:00,2025-01-08T17:12:00,2025-01-08T19:43:00,151,12,0,1
800,Social,1,118,4,2025-01-09T21:00:00,2025-01-09T21:21:00,2025-01-09T23:12:00,111,21,0,0
801,Work,5,67,2,2025-01-05T18:00:00,2025-01-05T18:03:00,2025-01-05T19:56:00,113,3,1,1
802,Finance/Admin,2,40,4,2025-01-10T05:00:00,2025-01-10T05:13:00,2025-01-10T05:44:00,31,13,0,0
803,Social,1,74,2,2025-01-06T21:00:00,2025-01-06T21:18:00,2025-01-06T22:48:00,90,18,1,1
804,Social,5,54,4,2025-01-03T09:00:00,2025-01-03T09:05:00,2025-01-03T10:11:00,66,5,-1,0
805,Personal,3,34,4,2025-01-07T23:00:00,2025-01-07T23:14:00,2025-01-07T23:49:00,35,14,0,1
806,Misc,2,61,1,2025-01-02T23:00:00,2025-01-02T23:15:00,2025-01-03T00:26:00,71,15,-1,0
807,Personal,1,56,3,2025-01-02T17:00:00,2025-01-02T17:26:00,2025-01-02T18:21:00,55,26,1,1
808,Work,2,31,2,2025-01-01T12:00:00,2025-01-01T12:15:00,2025-01-01T13:11:00,56,15,0,0
809,Hobbies/Creative,4,59,4,2025-01-05T08:00:00,2025-01-05T08:10:00,2025-01-05T09:19:00,69,10,0,0
810,Hobbies/Creative,1,116,2,2025-01-01T23:00:00,2025-01-01T23:18:00,2025-01-02T03:25:00,247,18,0,1
811,Study,5,80,2,2025-01-03T10:00:00,2025-01-03T10:05:00,2025-01-03T11:40:00,95,5,0,1
812,Work,1,118,2,2025-01-05T11:00:00,2025-01-05T11:26:00,2025-01-05T14:03:00,157,26,0,0
813,Work,2,78,1,2025-01-06T22:00:00,2025-01-06T22:28:00,2025-01-07T00:47:00,139,28,1,0
814,Misc,4,107,3,2025-01-11T08:00:00,2025-01-11T08:06:00,2025-01-11T10:21:00,135,6,0,0
815,Work,5,86,1,2025-01-04T01:00:00,2025-01-04T01:05:00,2025-01-04T03:50:00,165,5,0,1
816,Health/Fitness,3,26,2,2025-01-02T13:00:00,2025-01-02T13:15:00,2025-01-02T13:40:00,25,15,-1,1
817,Hobbies/Creative,1,41,3,2025-01-07T14:00:00,2025-01-07T14:17:00,2025-01-07T15:16:00,59,17,-1,1
818,Health/Fitness,1,25,5,2025-01-09T17:00:00,2025-01-09T17:18:00,2025-01-09T17:37:00,19,18,1,1
819,Personal,3,118,1,2025-01-04T00:00:00,2025-01-04T00:07:00,2025-01-04T03:23:00,196,7,-1,1
820,Study,5,63,1,2025-01-02T00:00:00,2025-01-02T00:17:00,2025-01-02T01:51:00,94,17,0,0
821,Study,2,82,2,2025-01-04T18:00:00,2025-01-04T18:17:00,2025-01-04T20:48:00,151,17,1,1
822,Misc,2,22,4,2025-01-05T04:00:00,2025-01-05T04:16:00,2025-01-05T04:43:00,27,16,1,0
823,Social,1,82,4,2025-01-07T08:00:00,2025-01-07T08:14:00,2025-01-07T09:43:00,89,14,0,1
824,Health/Fitness,5,43,5,2025-01-05T02:00:00,2025-01-05T02:03:00,2025-01-05T02:54:00,51,3,0,1
825,Social,5,90,2,2025-01-02T02:00:00,2025-01-02T02:12:00,2025-01-02T05:27:00,195,12,1,0
826,Misc,3,53,5,2025-01-05T06:00:00,2025-01-05T06:16:00,2025-01-05T07:21:00,65,16,0,0
827,Finance/Admin,2,22,5,2025-01-10T12:00:00,2025-01-10T12:18:00,2025-01-10T12:33:00,15,18,0,0
828,Hobbies/Creative,1,104,5,2025-01-10T02:00:00,2025-01-10T02:23:00,2025-01-10T04:43:00,140,23,0,0
829,Misc,5,39,5,2025-01-04T09:00:00,2025-01-04T09:06:00,2025-01-04T09:50:00,44,6,0,1
830,Hobbies/Creative,1,32,5,2025-01-08T09:00:00,2025-01-08T09:14:00,2025-01-08T09:56:00,42,14,-1,0
831,Personal,2,24,2,2025-01-02T12:00:00,2025-01-02T12:24:00,2025-01-02T12:52:00,28,24,0,0
832,Study,1,93,4,2025-01-08T09:00:00,2025-01-08T09:08:00,2025-01-08T10:41:00,93,8,0,1
833,Work,3,48,5,2025-01-09T00:00:00,2025-01-09T00:20:00,2025-01-09T01:16:00,56,20,-1,0
834,Health/Fitness,4,30,4,2025-01-09T22:00:00,2025-01-09T22:03:00,2025-01-09T22:30:00,27,3,1,0
835,Hobbies/Creative,5,115,4,2025-01-10T03:00:00,2025-01-10T03:10:00,2025-01-10T06:02:00,172,10,0,0
836,Social,5,25,1,2025-01-10T06:00:00,2025-01-10T06:03:00,2025-01-10T06:42:00,39,3,0,0
837,Health/Fitness,5,32,1,2025-01-09T02:00:00,2025-01-09T02:02:00,2025-01-09T02:38:00,36,2,-1,1
838,Health/Fitness,2,87,2,2025-01-07T10:00:00,2025-01-07T10:26:00,2025-01-07T11:56:00,90,26,1,0
839,Finance/Admin,1,118,5,2025-01-05T04:00:00,2025-01-05T04:28:00,2025-01-05T06:40:00,132,28,1,1
840,Finance/Admin,1,41,2,2025-01-07T05:00:00,2025-01-07T05:26:00,2025-01-07T06:10:00,44,26,0,1
841,Personal,5,96,4,2025-01-11T07:00:00,2025-01-11T07:07:00,2025-01-11T08:41:00,94,7,0,1
842,Hobbies/Creative,3,72,4,2025-01-10T04:00:00,2025-01-10T04:07:00,2025-01-10T05:52:00,105,7,1,1
843,Health/Fitness,5,89,2,2025-01-05T09:00:00,2025-01-05T09:00:00,2025-01-05T11:00:00,120,0,1,1
844,Hobbies/Creative,4,77,4,2025-01-01T09:00:00,2025-01-01T09:06:00,2025-01-01T10:38:00,92,6,1,0
845,Social,5,22,5,2025-01-02T19:00:00,2025-01-02T19:06:00,2025-01-02T19:28:00,22,6,0,0
846,Social,2,47,3,2025-01-01T14:00:00,2025-01-01T14:20:00,2025-01-01T15:10:00,50,20,1,1
847,Personal,1,24,4,2025-01-05T04:00:00,2025-01-05T04:26:00,2025-01-05T04:49:00,23,26,-1,0
848,Social,3,94,2,2025-01-03T20:00:00,2025-01-03T20:13:00,2025-01-03T22:52:00,159,13,0,1
849,Study,5,71,5,2025-01-11T03:00:00,2025-01-11T03:00:00,2025-01-11T04:32:00,92,0,-1,0
850,Hobbies/Creative,4,42,4,2025-01-10T04:00:00,2025-01-10T04:12:00,2025-01-10T05:12:00,60,12,1,0
851,Social,1,113,5,2025-01-05T10:00:00,2025-01-05T10:23:00,2025-01-05T12:39:00,136,23,-1,0
852,Hobbies/Creative,3,75,4,2025-01-11T07:00:00,2025-01-11T07:16:00,2025-01-11T09:05:00,109,16,-1,0
853,Work,4,26,3,2025-01-06T23:00:00,2025-01-06T23:11:00,2025-01-06T23:44:00,33,11,-1,1
854,Personal,3,84,2,2025-01-03T00:00:00,2025-01-03T00:17:00,2025-01-03T02:45:00,148,17,-1,1
855,Misc,5,93,5,2025-01-02T08:00:00,2025-01-02T08:04:00,2025-01-02T09:17:00,73,4,-1,1
856,Social,4,38,2,2025-01-04T23:00:00,2025-01-04T23:15:00,2025-01-05T00:23:00,68,15,-1,1
857,Work,5,71,3,2025-01-02T06:00:00,2025-01-02T06:00:00,2025-01-02T07:43:00,103,0,0,1
858,Personal,2,81,5,2025-01-03T11:00:00,2025-01-03T11:13:00,2025-01-03T12:25:00,72,13,0,1
859,Health/Fitness,5,98,5,2025-01-04T00:00:00,2025-01-04T00:06:00,2025-01-04T01:53:00,107,6,-1,0
860,Social,4,61,5,2025-01-02T07:00:00,2025-01-02T07:13:00,2025-01-02T08:12:00,59,13,-1,1
861,Finance/Admin,3,64,2,2025-01-04T19:00:00,2025-01-04T19:16:00,2025-01-04T20:21:00,65,16,0,0
862,Social,2,64,5,2025-01-10T03:00:00,2025-01-10T03:21:00,2025-01-10T04:46:00,85,21,0,0
863,Misc,1,49,2,2025-01-08T16:00:00,2025-01-08T16:15:00,2025-01-08T17:21:00,66,15,0,0
864,Study,1,114,1,2025-01-03T23:00:00,2025-01-03T23:17:00,2025-01-04T02:53:00,216,17,1,0
865,Social,1,63,1,2025-01-04T15:00:00,2025-01-04T15:23:00,2025-01-04T17:19:00,116,23,0,1
866,Work,3,46,5,2025-01-03T15:00:00,2025-01-03T15:11:00,2025-01-03T15:54:00,43,11,-1,1
867,Misc,5,113,2,2025-01-08T18:00:00,2025-01-08T18:04:00,2025-01-08T20:14:00,130,4,1,0
868,Finance/Admin,5,104,5,2025-01-01T20:00:00,2025-01-01T20:09:00,2025-01-01T21:09:00,60,9,0,0
869,Work,3,45,5,2025-01-04T06:00:00,2025-01-04T06:06:00,2025-01-04T06:57:00,51,6,-1,1
870,Work,1,69,3,2025-01-08T10:00:00,2025-01-08T10:26:00,2025-01-08T11:57:00,91,26,1,1
871,Study,1,57,4,2025-01-03T20:00:00,2025-01-03T20:20:00,2025-01-03T21:20:00,60,20,0,0
872,Hobbies/Creative,4,96,5,2025-01-02T07:00:00,2025-01-02T07:09:00,2025-01-02T09:16:00,127,9,-1,0
873,Misc,5,111,1,2025-01-01T19:00:00,2025-01-01T19:00:00,2025-01-01T21:17:00,137,0,-1,1
874,Hobbies/Creative,4,70,2,2025-01-01T13:00:00,2025-01-01T13:14:00,2025-01-01T15:09:00,115,14,0,1
875,Hobbies/Creative,3,50,5,2025-01-04T07:00:00,2025-01-04T07:14:00,2025-01-04T08:26:00,72,14,-1,1
876,Finance/Admin,1,91,3,2025-01-03T18:00:00,2025-01-03T18:04:00,2025-01-03T19:22:00,78,4,-1,1
877,Finance/Admin,2,31,4,2025-01-06T22:00:00,2025-01-06T22:13:00,2025-01-06T22:33:00,20,13,1,0
878,Finance/Admin,2,93,2,2025-01-05T22:00:00,2025-01-05T22:20:00,2025-01-06T00:37:00,137,20,0,1
879,Misc,5,36,2,2025-01-08T08:00:00,2025-01-08T08:04:00,2025-01-08T08:52:00,48,4,-1,0
880,Personal,3,108,5,2025-01-11T01:00:00,2025-01-11T01:22:00,2025-01-11T03:50:00,148,22,-1,1
881,Personal,5,40,3,2025-01-02T02:00:00,2025-01-02T02:14:00,2025-01-02T03:06:00,52,14,1,0
882,Personal,3,38,1,2025-01-09T12:00:00,2025-01-09T12:13:00,2025-01-09T12:49:00,36,13,0,1
883,Finance/Admin,3,76,3,2025-01-02T23:00:00,2025-01-02T23:11:00,2025-01-03T00:16:00,65,11,-1,0
884,Personal,2,23,5,2025-01-07T22:00:00,2025-01-07T22:30:00,2025-01-07T22:54:00,24,30,0,0
885,Health/Fitness,2,107,1,2025-01-05T04:00:00,2025-01-05T04:17:00,2025-01-05T06:59:00,162,17,-1,1
886,Personal,5,97,4,2025-01-08T23:00:00,2025-01-08T23:05:00,2025-01-09T01:11:00,126,5,1,1
887,Personal,4,82,4,2025-01-02T20:00:00,2025-01-02T20:05:00,2025-01-02T21:20:00,75,5,-1,0
888,Health/Fitness,1,72,1,2025-01-11T05:00:00,2025-01-11T05:16:00,2025-01-11T06:42:00,86,16,0,1
889,Health/Fitness,2,116,2,2025-01-02T01:00:00,2025-01-02T01:13:00,2025-01-02T03:42:00,149,13,-1,1
890,Misc,3,78,2,2025-01-05T22:00:00,2025-01-05T22:10:00,2025-01-06T00:03:00,113,10,0,0
891,Finance/Admin,3,70,5,2025-01-11T09:00:00,2025-01-11T09:04:00,2025-01-11T09:58:00,54,4,1,0
892,Study,4,78,1,2025-01-10T17:00:00,2025-01-10T17:00:00,2025-01-10T19:02:00,122,0,-1,1
893,Work,5,69,5,2025-01-09T12:00:00,2025-01-09T12:05:00,2025-01-09T13:01:00,56,5,1,0
894,Health/Fitness,3,76,4,2025-01-10T19:00:00,2025-01-10T19:11:00,2025-01-10T20:07:00,56,11,0,1
895,Misc,2,74,3,2025-01-07T21:00:00,2025-01-07T21:18:00,2025-01-07T22:43:00,85,18,-1,0
896,Misc,4,31,5,2025-01-02T13:00:00,2025-01-02T13:00:00,2025-01-02T13:28:00,28,0,-1,0
897,Finance/Admin,4,61,4,2025-01-01T15:00:00,2025-01-01T15:08:00,2025-01-01T15:55:00,47,8,-1,1
898,Health/Fitness,4,31,3,2025-01-04T19:00:00,2025-01-04T19:10:00,2025-01-04T19:37:00,27,10,1,0
899,Study,1,34,4,2025-01-08T03:00:00,2025-01-08T03:19:00,2025-01-08T03:58:00,39,19,0,0
900,Finance/Admin,5,98,2,2025-01-05T09:00:00,2025-01-05T09:11:00,2025-01-05T10:54:00,103,11,1,1
901,Work,2,62,5,2025-01-10T16:00:00,2025-01-10T16:28:00,2025-01-10T17:28:00,60,28,1,0
902,Personal,2,42,1,2025-01-05T20:00:00,2025-01-05T20:12:00,2025-01-05T20:57:00,45,12,0,1
903,Misc,3,100,2,2025-01-02T15:00:00,2025-01-02T15:02:00,2025-01-02T16:39:00,97,2,-1,0
904,Work,5,117,3,2025-01-01T12:00:00,2025-01-01T12:06:00,2025-01-01T14:22:00,136,6,0,1
905,Misc,5,20,5,2025-01-10T18:00:00,2025-01-10T18:00:00,2025-01-10T18:19:00,19,0,0,0
906,Health/Fitness,5,104,4,2025-01-06T05:00:00,2025-01-06T05:02:00,2025-01-06T06:44:00,102,2,0,1
907,Study,5,96,1,2025-01-03T23:00:00,2025-01-03T23:14:00,2025-01-04T02:17:00,183,14,1,1
908,Health/Fitness,1,43,2,2025-01-01T23:00:00,2025-01-01T23:19:00,2025-01-02T00:08:00,49,19,1,1
909,Work,2,24,5,2025-01-10T07:00:00,2025-01-10T07:04:00,2025-01-10T07:25:00,21,4,1,1
910,Hobbies/Creative,1,26,1,2025-01-05T19:00:00,2025-01-05T19:19:00,2025-01-05T19:58:00,39,19,-1,0
911,Social,5,104,5,2025-01-07T11:00:00,2025-01-07T11:04:00,2025-01-07T12:52:00,108,4,1,0
912,Misc,5,66,1,2025-01-02T08:00:00,2025-01-02T08:03:00,2025-01-02T09:16:00,73,3,0,1
913,Hobbies/Creative,4,28,4,2025-01-10T08:00:00,2025-01-10T08:10:00,2025-01-10T08:44:00,34,10,1,0
914,Social,4,37,1,2025-01-08T18:00:00,2025-01-08T18:02:00,2025-01-08T19:01:00,59,2,0,1
915,Finance/Admin,5,46,2,2025-01-07T21:00:00,2025-01-07T21:04:00,2025-01-07T21:48:00,44,4,-1,0
916,Study,4,112,5,2025-01-11T08:00:00,2025-01-11T08:13:00,2025-01-11T10:29:00,136,13,1,1
917,Finance/Admin,5,60,3,2025-01-06T23:00:00,2025-01-06T23:10:00,2025-01-07T00:09:00,59,10,1,1
918,Personal,5,92,4,2025-01-06T22:00:00,2025-01-06T22:01:00,2025-01-06T23:44:00,103,1,1,1
919,Misc,2,98,2,2025-01-08T22:00:00,2025-01-08T22:10:00,2025-01-09T00:32:00,142,10,0,0
920,Work,1,23,4,2025-01-08T01:00:00,2025-01-08T01:20:00,2025-01-08T01:46:00,26,20,-1,0
921,Finance/Admin,4,25,3,2025-01-05T02:00:00,2025-01-05T02:08:00,2025-01-05T02:28:00,20,8,1,0
922,Work,2,108,3,2025-01-04T02:00:00,2025-01-04T02:13:00,2025-01-04T04:51:00,158,13,-1,1
923,Social,5,90,3,2025-01-09T13:00:00,2025-01-09T13:05:00,2025-01-09T14:35:00,90,5,-1,0
924,Hobbies/Creative,3,70,5,2025-01-07T22:00:00,2025-01-07T22:20:00,2025-01-07T23:48:00,88,20,-1,0
925,Health/Fitness,3,63,4,2025-01-11T03:00:00,2025-01-11T03:18:00,2025-01-11T04:28:00,70,18,0,0
926,Personal,4,39,4,2025-01-10T21:00:00,2025-01-10T21:05:00,2025-01-10T21:47:00,42,5,1,1
927,Misc,4,115,1,2025-01-10T06:00:00,2025-01-10T06:01:00,2025-01-10T09:04:00,183,1,1,1
928,Hobbies/Creative,5,88,1,2025-01-03T14:00:00,2025-01-03T14:11:00,2025-01-03T16:17:00,126,11,1,1
929,Hobbies/Creative,1,39,3,2025-01-10T08:00:00,2025-01-10T08:29:00,2025-01-10T09:18:00,49,29,-1,1
930,Finance/Admin,5,41,5,2025-01-07T20:00:00,2025-01-07T20:06:00,2025-01-07T20:36:00,30,6,0,0
931,Study,3,110,3,2025-01-08T22:00:00,2025-01-08T22:12:00,2025-01-09T01:05:00,173,12,-1,1
932,Finance/Admin,1,83,2,2025-01-05T08:00:00,2025-01-05T08:25:00,2025-01-05T09:34:00,69,25,0,1
933,Health/Fitness,5,58,2,2025-01-02T13:00:00,2025-01-02T13:12:00,2025-01-02T14:02:00,50,12,0,0
934,Health/Fitness,1,76,5,2025-01-01T15:00:00,2025-01-01T15:27:00,2025-01-01T16:36:00,69,27,0,0
935,Health/Fitness,3,81,5,2025-01-04T16:00:00,2025-01-04T16:06:00,2025-01-04T17:14:00,68,6,0,0
936,Study,5,106,2,2025-01-03T13:00:00,2025-01-03T13:00:00,2025-01-03T15:28:00,148,0,1,0
937,Misc,4,111,5,2025-01-02T14:00:00,2025-01-02T14:07:00,2025-01-02T15:56:00,109,7,-1,1
938,Work,5,31,3,2025-01-06T08:00:00,2025-01-06T08:12:00,2025-01-06T08:51:00,39,12,-1,0
939,Social,1,93,3,2025-01-08T04:00:00,2025-01-08T04:17:00,2025-01-08T06:22:00,125,17,-1,1
940,Health/Fitness,2,56,3,2025-01-07T01:00:00,2025-01-07T01:06:00,2025-01-07T02:00:00,54,6,0,1
941,Study,3,39,2,2025-01-04T07:00:00,2025-01-04T07:18:00,2025-01-04T08:31:00,73,18,-1,0
942,Study,2,89,3,2025-01-07T05:00:00,2025-01-07T05:09:00,2025-01-07T07:08:00,119,9,0,1
943,Personal,3,93,2,2025-01-03T04:00:00,2025-01-03T04:12:00,2025-01-03T06:30:00,138,12,-1,1
944,Hobbies/Creative,5,76,1,2025-01-02T18:00:00,2025-01-02T18:00:00,2025-01-02T20:04:00,124,0,-1,1
945,Work,1,69,1,2025-01-02T07:00:00,2025-01-02T07:18:00,2025-01-02T08:48:00,90,18,0,1
946,Personal,5,95,4,2025-01-07T22:00:00,2025-01-07T22:08:00,2025-01-07T23:50:00,102,8,0,1
947,Hobbies/Creative,2,111,5,2025-01-02T05:00:00,2025-01-02T05:14:00,2025-01-02T07:47:00,153,14,0,0
948,Study,4,32,4,2025-01-04T16:00:00,2025-01-04T16:08:00,2025-01-04T16:44:00,36,8,1,1
949,Misc,2,48,2,2025-01-10T13:00:00,2025-01-10T13:15:00,2025-01-10T14:23:00,68,15,1,1
950,Hobbies/Creative,4,43,3,2025-01-09T18:00:00,2025-01-09T18:12:00,2025-01-09T19:05:00,53,12,0,1
951,Misc,1,28,4,2025-01-02T13:00:00,2025-01-02T13:25:00,2025-01-02T13:49:00,24,25,0,1
952,Misc,2,56,3,2025-01-07T19:00:00,2025-01-07T19:24:00,2025-01-07T20:22:00,58,24,1,0
953,Study,4,111,1,2025-01-04T20:00:00,2025-01-04T20:08:00,2025-01-04T23:13:00,185,8,1,0
954,Social,5,79,4,2025-01-07T16:00:00,2025-01-07T16:00:00,2025-01-07T17:10:00,70,0,0,0
955,Health/Fitness,5,40,4,2025-01-05T11:00:00,2025-01-05T11:00:00,2025-01-05T11:36:00,36,0,-1,1
956,Health/Fitness,5,75,4,2025-01-07T10:00:00,2025-01-07T10:15:00,2025-01-07T11:32:00,77,15,0,0
957,Personal,1,114,5,2025-01-10T07:00:00,2025-01-10T07:24:00,2025-01-10T09:12:00,108,24,0,0
958,Misc,3,91,1,2025-01-10T03:00:00,2025-01-10T03:02:00,2025-01-10T05:04:00,122,2,0,0
959,Social,4,28,5,2025-01-02T12:00:00,2025-01-02T12:04:00,2025-01-02T12:30:00,26,4,1,1
960,Hobbies/Creative,4,102,1,2025-01-02T08:00:00,2025-01-02T08:07:00,2025-01-02T10:37:00,150,7,-1,0
961,Work,2,104,2,2025-01-06T04:00:00,2025-01-06T04:05:00,2025-01-06T07:04:00,179,5,1,1
962,Finance/Admin,5,93,4,2025-01-03T11:00:00,2025-01-03T11:00:00,2025-01-03T12:08:00,68,0,-1,1
963,Social,5,106,3,2025-01-11T04:00:00,2025-01-11T04:17:00,2025-01-11T06:40:00,143,17,0,1
964,Study,5,21,5,2025-01-06T19:00:00,2025-01-06T19:00:00,2025-01-06T19:21:00,21,0,0,0
965,Social,1,67,5,2025-01-01T22:00:00,2025-01-01T22:27:00,2025-01-02T00:09:00,102,27,-1,1
966,Study,3,23,2,2025-01-05T23:00:00,2025-01-05T23:05:00,2025-01-05T23:51:00,46,5,1,1
967,Hobbies/Creative,4,71,4,2025-01-06T00:00:00,2025-01-06T00:06:00,2025-01-06T01:44:00,98,6,1,0
968,Personal,4,37,2,2025-01-07T07:00:00,2025-01-07T07:24:00,2025-01-07T08:00:00,36,24,0,1
969,Finance/Admin,2,56,2,2025-01-02T19:00:00,2025-01-02T19:18:00,2025-01-02T20:14:00,56,18,-1,0
970,Work,2,112,4,2025-01-08T09:00:00,2025-01-08T09:23:00,2025-01-08T11:15:00,112,23,0,0
971,Study,2,102,4,2025-01-10T13:00:00,2025-01-10T13:18:00,2025-01-10T15:02:00,104,18,0,1
972,Personal,4,85,4,2025-01-07T06:00:00,2025-01-07T06:10:00,2025-01-07T07:38:00,88,10,0,1
973,Hobbies/Creative,2,43,4,2025-01-07T19:00:00,2025-01-07T19:20:00,2025-01-07T20:08:00,48,20,-1,1
974,Health/Fitness,5,54,4,2025-01-11T06:00:00,2025-01-11T06:07:00,2025-01-11T07:04:00,57,7,1,1
975,Work,1,92,4,2025-01-08T21:00:00,2025-01-08T21:27:00,2025-01-08T22:57:00,90,27,0,0
976,Misc,1,38,5,2025-01-10T12:00:00,2025-01-10T12:10:00,2025-01-10T12:49:00,39,10,0,1
977,Study,5,98,1,2025-01-03T23:00:00,2025-01-03T23:00:00,2025-01-04T01:36:00,156,0,0,0
978,Social,5,26,3,2025-01-07T01:00:00,2025-01-07T01:01:00,2025-01-07T01:42:00,41,1,-1,1
979,Misc,5,80,5,2025-01-09T04:00:00,2025-01-09T04:00:00,2025-01-09T05:58:00,118,0,0,1
980,Hobbies/Creative,3,57,2,2025-01-01T18:00:00,2025-01-01T18:19:00,2025-01-01T19:50:00,91,19,1,1
981,Social,1,100,4,2025-01-07T13:00:00,2025-01-07T13:20:00,2025-01-07T15:07:00,107,20,-1,0
982,Social,5,23,3,2025-01-06T13:00:00,2025-01-06T13:08:00,2025-01-06T13:36:00,28,8,-1,0
983,Study,3,52,2,2025-01-07T22:00:00,2025-01-07T22:16:00,2025-01-07T23:46:00,90,16,0,1
984,Social,1,114,1,2025-01-07T19:00:00,2025-01-07T19:19:00,2025-01-07T21:53:00,154,19,-1,0
985,Misc,3,42,3,2025-01-09T17:00:00,2025-01-09T17:11:00,2025-01-09T17:58:00,47,11,1,0
986,Misc,2,87,1,2025-01-05T00:00:00,2025-01-05T00:20:00,2025-01-05T01:49:00,89,20,-1,0
987,Personal,4,116,4,2025-01-09T14:00:00,2025-01-09T14:12:00,2025-01-09T15:58:00,106,12,0,0
988,Misc,2,46,5,2025-01-09T04:00:00,2025-01-09T04:16:00,2025-01-09T05:03:00,47,16,0,0
989,Social,1,26,2,2025-01-06T07:00:00,2025-01-06T07:27:00,2025-01-06T08:06:00,39,27,0,1
990,Social,4,115,5,2025-01-03T20:00:00,2025-01-03T20:04:00,2025-01-03T22:08:00,124,4,0,1
991,Misc,3,38,5,2025-01-10T15:00:00,2025-01-10T15:07:00,2025-01-10T15:35:00,28,7,0,0
992,Social,4,68,3,2025-01-07T00:00:00,2025-01-07T00:05:00,2025-01-07T01:48:00,103,5,1,0
993,Study,5,101,3,2025-01-10T09:00:00,2025-01-10T09:10:00,2025-01-10T11:18:00,128,10,0,1
994,Hobbies/Creative,3,54,1,2025-01-04T02:00:00,2025-01-04T02:17:00,2025-01-04T04:15:00,118,17,1,1
995,Misc,2,113,5,2025-01-09T14:00:00,2025-01-09T14:13:00,2025-01-09T15:59:00,106,13,-1,1
996,Personal,3,90,1,2025-01-08T13:00:00,2025-01-08T13:17:00,2025-01-08T15:14:00,117,17,-1,0
997,Work,4,32,5,2025-01-02T11:00:00,2025-01-02T11:16:00,2025-01-02T11:50:00,34,16,1,1
998,Hobbies/Creative,2,112,3,2025-01-04T01:00:00,2025-01-04T01:19:00,2025-01-04T04:55:00,216,19,-1,0
999,Work,5,31,1,2025-01-11T09:00:00,2025-01-11T09:04:00,2025-01-11T09:44:00,40,4,1,0
1000,Study,1,31,5,2025-01-02T18:00:00,2025-01-02T18:20:00,2025-01-02T18:50:00,30,20,0,0
